CODIGO_PROYECTO,N,SUBDIRECCION,PROGRAMA_CONICYT,INSTRUMENTO,NOMBRE_CONCURSO,AÑO_CONCURSO,AÑO_FALLO,NOMBRE_PROYECTO,AREA_OCDE,DISCIPLINA_DETALLE,GRUPO_DE_EVALUACION,DURACION_MESES,TIPO_BENEFICIARIO,NOMBRE_RESPONSABLE,SEXO,INSTITUCION_PRINCIPAL,MACROZONA MINCIENCIA (segUn ax),REGION_EJECUCION,MONTO ADJUDICADO (MILES $),M$_SINFO_NOSOLICITA
ECPI170012,29807,NO APLICA,EXPLORA,CAMPAMENTOS DE EDUCACION EN CIENCIAS,I CONCURSO DE CAMPAMENTOS DE EDUCACION EN CIENCIAS EXPLORA 2018,2018,2017,CAMPAMENTO DE EDUCACION EN CIENCIAS EXPLORA ANTOFAGASTA 2018,MULTIDISCIPLINARIO,OTRAS ESPECIALIDADES DE LA EDUCACION,NO APLICA,12,PERSONA JURIDICA,GLADYS HAYASHIDA SOIZA,MUJER,UNIVERSIDAD DE ANTOFAGASTA,NORTE,02. ANTOFAGASTA,60000,
EQM180024,31802,CENTROS,FONDEQUIP,CONCURSO DE EQUIPAMIENTO CIENTIFICO Y TECNOLOGICO MEDIANO,VII CONCURSO DE EQUIPAMIENTO CIENTIFICO Y TECNOLOGICO MEDIANO,2018,2018,"GENERADOR DE NITROGENO LIQUIDO, COMO ACCESORIO PARA EL REGISTRO DE LOS ESPECTROS DE DIFRACCION A 100 KELVIN EN UN MODERNO DIFRACTOMETRO DE MONOCRISTALES CON RADIACION DUAL Y CON DETECTOR CMOS",CIENCIAS NATURALES,OTRAS ESPECIALIDADES DE LA QUIMICA,NO APLICA,18,PERSONA JURIDICA,IVAN BRITO BOBADILLA,HOMBRE,UNIVERSIDAD DE ANTOFAGASTA,NORTE,02. ANTOFAGASTA,"66200,46",
EQM180120,31814,CENTROS,FONDEQUIP,CONCURSO DE EQUIPAMIENTO CIENTIFICO Y TECNOLOGICO MEDIANO,VII CONCURSO DE EQUIPAMIENTO CIENTIFICO Y TECNOLOGICO MEDIANO,2018,2018,ADQUISICION DE UN MICROSCOPIO CONFOCAL ESPECTRAL PARA EL FOMENTO E INCREMENTO DE LA PRODUCTIVIDAD CIENTIFICA EN EL AREA DE LA BIOLOGIA CELULAR EN LA REGION DE TARAPACA,CIENCIAS NATURALES,BIOLOGIA CELULAR,NO APLICA,18,PERSONA JURIDICA,RICARDO TEJOS ULLOA,HOMBRE,UNIVERSIDAD ARTURO PRAT,NORTE,01. TARAPACA,"210524,9",
CAS17002,31852,REC,ASTRONOMIA,FONDO CHINA - CHILE - CAS,Concurso CHINA-CHILE en astronomIa cuarta convocatoria,2018,2018,NATURE OR NURTURE?UNDERSTANDING GALAXY EVOLUTION FROM THE INTERPLAY OF GALAXIES WITH THEIR ENVIRONMENT,CIENCIAS NATURALES,,NO APLICA,24,PERSONA NATURAL,MARIA ARGUDO,MUJER,UNIVERSIDAD DE ANTOFAGASTA,NORTE,02. ANTOFAGASTA,55936,
ID18I10095,31901,INVESTIGACION APLICADA,FONDEF,IDeA - CA,IDeA - CA Bases 2295/2018 Primera Convocatoria,2018,2018,DESARROLLO DE UN HIDROLIZADO PROTEICO EN BASE A MICROALGAS MARINAS PARA EL MEJORAMIENTO DE LOS SUSTRATO EN ZONAS DESERTICAS,CIENCIAS NATURALES,PESCA Y ACUICULTURA,NO APLICA,24,PERSONA JURIDICA,JAZMIN BAZAES DONOSO,MUJER,UNIVERSIDAD DE ANTOFAGASTA,NORTE,02. ANTOFAGASTA,191062,
ID18I10127,31906,INVESTIGACION APLICADA,FONDEF,IDeA - CA,IDeA - CA Bases 2295/2018 Primera Convocatoria,2018,2018,DESARROLLO DE UN ALIMENTO EXTRUIDO CON HARINA DE MACROALGAS PARA ESTIMULAR EL CRECIMIENTO DE JUVENILES DE ERIZO ROJO (LOXECHINUS ALBUS) DESTINADOS A LA REPOBLACION EN AMERBS DE LA REGION DE LOS LAGOS Y MAGALLANES,CIENCIAS NATURALES,PESCA Y ACUICULTURA,NO APLICA,24,PERSONA JURIDICA,ANDRES MANSILLA MUÃ‘OZ,HOMBRE,UNIVERSIDAD DE MAGALLANES,NORTE,01. TARAPACA,200000,
ID18I10205,31915,INVESTIGACION APLICADA,FONDEF,IDeA - CA,IDeA - CA Bases 2295/2018 Primera Convocatoria,2018,2018,IMPLEMENTACION DE UN SISTEMA DE SUMINISTRO DE LARVAS COMPETENTES DE CONCHOLEPAS CONCHOLEPAS DESDE HATCHERY PARA EL ASENTAMIENTO Y OBTENCION DE SEMILLAS EN AREAS DE MANEJO.,CIENCIAS NATURALES,PESCA Y ACUICULTURA,NO APLICA,24,PERSONA JURIDICA,MARIO LODY CORTES,HOMBRE,UNIVERSIDAD DE ANTOFAGASTA,NORTE,02. ANTOFAGASTA,194750,
ID18I10292,31934,INVESTIGACION APLICADA,FONDEF,IDeA - CA,IDeA - CA Bases 2295/2018 Primera Convocatoria,2018,2018,ESTABLECIMIENTO DE PLANTEL DE REPRODUCTORES PARA OBTENCION DE OVAS Y LARVAS DE ACHA (MEDIALUNA ANCIETAE) PARA LA DIVERSIFICACION ACUICOLA DE LA ZONA NORTE DEL PAIS,CIENCIAS NATURALES,PESCA Y ACUICULTURA,NO APLICA,24,PERSONA JURIDICA,GERMAN BUENO GALAZ,HOMBRE,UNIVERSIDAD ARTURO PRAT,NORTE,01. TARAPACA,199600,
11180015,31992,PROYECTOS DE INVESTIGACION,FONDECYT,INICIACION,FONDECYT de IniciaciOn 2018,2018,2018,MARINE SEDIMENT QUALITY IN ATACAMA (MASEQATA),CIENCIAS NATURALES,CIENCIAS DE LA TIERRA Y MEDIOAMBIENTALES,CS. DE LA TIERRA,36,PERSONA NATURAL,ESTEFANIA BONNAIL MIGUEL,MUJER,UNIVERSIDAD DE ATACAMA,NORTE,03. ATACAMA,87665,
11180044,32001,PROYECTOS DE INVESTIGACION,FONDECYT,INICIACION,FONDECYT de IniciaciOn 2018,2018,2018,"MODALIDADES Y PRACTICAS EVALUATIVAS EMPLEADAS POR LOS DOCENTES DE HISTORIA, GEOGRAFIA Y CIENCIAS SOCIALES, EN LOS ESTABLECIMIENTOS PUBLICOS DE ENSEÃ‘ANZA MEDIA CON ALTOS INDICES DE VULNERABILIDAD, EN REGION DE FRONTERA.",CIENCIAS SOCIALES,OTRAS ESPECIALIDADES DE LA EDUCACION,EDUCACION,SIN INFORMACION,PERSONA NATURAL,RAUL BUSTOS GONZALEZ,HOMBRE,UNIVERSIDAD DE TARAPACA,NORTE,15. ARICA Y PARINACOTA,51301,
11180088,32022,PROYECTOS DE INVESTIGACION,FONDECYT,INICIACION,FONDECYT de IniciaciOn 2018,2018,2018,ENHANCING THE POWER CONVERSION EFFICIENCY OF PI-CONJUGATED POLYMERS/PHOTOACTIVE DYES-BASED ORGANIC SOLAR CELLS BY FORSTER RESONANCE ENERGY TRANSFER,CIENCIAS NATURALES,POLIMEROS,QUIMICA 1,SIN INFORMACION,PERSONA NATURAL,IGNACIO JESSOP RIVERA,HOMBRE,UNIVERSIDAD DE TARAPACA,NORTE,15. ARICA Y PARINACOTA,74140,
11180126,32038,PROYECTOS DE INVESTIGACION,FONDECYT,INICIACION,FONDECYT de IniciaciOn 2018,2018,2018,INTEGRABILITY AND EVOLUTION OF STATIC METRICS AND SELF-SIMILAR LOCALLY ROTATIONALLY SYMMETRIC METRICS IN THE EINSTEIN-Ã†THER THEORY,CIENCIAS NATURALES,MATEMATICAS APLICADAS,"ASTRON.,COSMOL.Y PAR",36,PERSONA NATURAL,GENLY LEON TORRES,HOMBRE,UNIVERSIDAD CATOLICA DEL NORTE,NORTE,02. ANTOFAGASTA,101328,
11180320,32091,PROYECTOS DE INVESTIGACION,FONDECYT,INICIACION,FONDECYT de IniciaciOn 2018,2018,2018,FURTHER DEVELOPMENTS IN ASYMPTOTIC ANALYSIS UNDER GENERALIZED CONVEXITY ASSUMPTIONS WITH APPLICATIONS IN CONTINUOUS OPTIMIZATION AND VARIATIONAL ANALYSIS,CIENCIAS NATURALES,MATEMATICAS APLICADAS,MATEMATICAS,36,PERSONA NATURAL,FELIPE LARA OBREQUE,HOMBRE,UNIVERSIDAD DE TARAPACA,NORTE,15. ARICA Y PARINACOTA,54000,
11180328,32092,PROYECTOS DE INVESTIGACION,FONDECYT,INICIACION,FONDECYT de IniciaciOn 2018,2018,2018,"THE GRINDING-FLOTATION OPTIMIZATION WITH USE OF MULTIPLE MATHEMATICAL TECHNIQUES (NEURAL NETWORK, POPULATION BALANCE, SENSITIVITY ANALYSIS AND CLASSICAL OPTIMIZATION) AND EVALUATION/VALIDATION EXPERIMENTAL IN BASED ON THE CONCEPT OF CASE-BASED REASONING.",INGENIERIA Y TECNOLOGIA,OTRAS INGENIERIAS Y TECNOLOGIAS,INGENIERIA 3,36,PERSONA NATURAL,FELIPE SEPULVEDA UNDA,HOMBRE,UNIVERSIDAD DE ANTOFAGASTA,NORTE,02. ANTOFAGASTA,100409,
11180329,32093,PROYECTOS DE INVESTIGACION,FONDECYT,INICIACION,FONDECYT de IniciaciOn 2018,2018,2018,PHENOMENOLOGICAL ASPECTS OF ELECTROOSMOTIC DRAINAGE TECHNIQUE: APPLICATION TO COPPER LEACHING,INGENIERIA Y TECNOLOGIA,MINERIA Y PROCESAMIENTO DE MINERALES,INGENIERIA 3,24,PERSONA NATURAL,MANUEL CANOVAS VIDAL,HOMBRE,UNIVERSIDAD CATOLICA DEL NORTE,NORTE,02. ANTOFAGASTA,53878,
11180366,32101,PROYECTOS DE INVESTIGACION,FONDECYT,INICIACION,FONDECYT de IniciaciOn 2018,2018,2018,"THE TALES OF A SUPER BUTTERFLY: DISENTANGLING THE GENETIC, MORPHOMETRIC AND PHYSIOLOGICAL HISTORY OF THE MIGRANT BUTTERFLY VANNESA CARYE (LEPIDOPTERA: NYMPHALIDAE), A STARTING POINT AT NORTHERN CHILE.",CIENCIAS NATURALES,ECOLOGIA,BIOLOGIA 1,36,PERSONA NATURAL,HUGO BENITEZ DE LA FUENTE,HOMBRE,UNIVERSIDAD DE TARAPACA,NORTE,15. ARICA Y PARINACOTA,92903,
11180429,32115,PROYECTOS DE INVESTIGACION,FONDECYT,INICIACION,FONDECYT de IniciaciOn 2018,2018,2018,LA FUNCION POLITICA DEL PATRIMONIO: DINAMICAS DE PATRIMONIALIZACION Y CONFLICTOS DE PROXIMIDAD EN CHILE.,CIENCIAS SOCIALES,"CIENCIAS SOCIALES, INTERDISCIPLINARIA",ARTES Y ARQUITECTURA,SIN INFORMACION,PERSONA NATURAL,MAURICIO LORCA VELOSO,HOMBRE,UNIVERSIDAD BERNARDO O'HIGGINS,NORTE,03. ATACAMA,71148,
11180466,32125,PROYECTOS DE INVESTIGACION,FONDECYT,INICIACION,FONDECYT de IniciaciOn 2018,2018,2018,MICROPLASTICS AND THEIR ROLE AS A CARRIER OF HYDROPHOBIC ORGANIC CONTAMINANTS: TOXICITY STUDY ON ZEBRAFISH,CIENCIAS NATURALES,OTRAS ESPECIALIDADES DE CIENCIAS DE LA TIERRA,BIOLOGIA 1,36,PERSONA NATURAL,GABRIELA AGUIRRE MARTINEZ,MUJER,UNIVERSIDAD ARTURO PRAT,NORTE,01. TARAPACA,91680,
11180474,32127,PROYECTOS DE INVESTIGACION,FONDECYT,INICIACION,FONDECYT de IniciaciOn 2018,2018,2018,"INCOMPATIBLE MEASUREMENTS, MULTIPARTITE ENTANGLEMENT AND STRENGTH OF QUANTUM NON-LOCAL CORRELATIONS",CIENCIAS NATURALES,OTRAS ESPECIALIDADES DE LA FISICA,FISICA TEORICA Y EXP,36,PERSONA NATURAL,DARDO GOYENECHE,HOMBRE,UNIVERSIDAD DE ANTOFAGASTA,NORTE,02. ANTOFAGASTA,85491,
11180503,32134,PROYECTOS DE INVESTIGACION,FONDECYT,INICIACION,FONDECYT de IniciaciOn 2018,2018,2018,INVESTIGATION ON THE PREVALENCE AND BLOOD PRESSURE RESPONSE IN MINERS EXPOSED TO CHRONIC INTERMITTENT HYPOXIA IN CHILE,CIENCIAS MEDICAS Y DE LA SALUD,SISTEMA CARDIOVASCULAR Y CARDIACO,MEDICINA G2-G3,SIN INFORMACION,PERSONA NATURAL,MORIN LANG TAPIA,MUJER,UNIVERSIDAD DE ANTOFAGASTA,NORTE,02. ANTOFAGASTA,68987,
11180569,32156,PROYECTOS DE INVESTIGACION,FONDECYT,INICIACION,FONDECYT de IniciaciOn 2018,2018,2018,CIUDAD LOS ARENALES COMO PROYECTO COMPLEJO: HACIA UNA TEORIA SUSTANTIVA DEL URBANISMO INFORMAL,HUMANIDADES,DISE? ARQUITECTONICO,ARTES Y ARQUITECTURA,SIN INFORMACION,PERSONA NATURAL,JOSE VERGARA PERUCICH,HOMBRE,UNIVERSIDAD CATOLICA DEL NORTE,NORTE,02. ANTOFAGASTA,77525,
11180673,32184,PROYECTOS DE INVESTIGACION,FONDECYT,INICIACION,FONDECYT de IniciaciOn 2018,2018,2018,"ESTUDIO HISTORICO DE LA ARQUITECTURA HOSPITALARIA Y EQUIPAMIENTOS DE LA SALUD EN CIUDADES PUERTO DEL NORTE DE CHILE: ARICA, IQUIQUE Y ANTOFAGASTA, 1880-1967",HUMANIDADES,DISE? ARQUITECTONICO,ARTES Y ARQUITECTURA,SIN INFORMACION,PERSONA NATURAL,CLAUDIO GALENO IBACETA,HOMBRE,UNIVERSIDAD CATOLICA DEL NORTE,NORTE,02. ANTOFAGASTA,45612,
11180794,32213,PROYECTOS DE INVESTIGACION,FONDECYT,INICIACION,FONDECYT de IniciaciOn 2018,2018,2018,Effect of an iron excess on the control of type 2 diabetes mellitus in an adult diabetic population of chile: a prospective cohort study,CIENCIAS MEDICAS Y DE LA SALUD,G2 ENFERMEDADES DE LA NUTRICION Y ENDOCR,MEDICINA G2-G3,SIN INFORMACION,PERSONA NATURAL,JosE FernAndez Cao,HOMBRE,UNIV.DE ATACAMA,NORTE,03. ATACAMA,107709,
11180894,32237,PROYECTOS DE INVESTIGACION,FONDECYT,INICIACION,FONDECYT de IniciaciOn 2018,2018,2018,COVARIANT BOUNDARY TERMS AND CONSERVATION LAWS IN MODIFIED GRAVITY,CIENCIAS NATURALES,OTRAS ESPECIALIDADES DE LA FISICA,"ASTRON.,COSMOL.Y PAR",36,PERSONA NATURAL,NELSON MERINO MONCADA,HOMBRE,UNIVERSIDAD ARTURO PRAT,NORTE,01. TARAPACA,102866,
11180932,32249,PROYECTOS DE INVESTIGACION,FONDECYT,INICIACION,FONDECYT de IniciaciOn 2018,2018,2018,"CHUQUICAMATA, CANTON EL TOCO Y TOCOPILLA BAJO LA IMPRONTA DE LOS GUGGENHEIM: SISTEMAS TECNICOS, SOCIEDAD, CONFLICTOS Y MEDIOAMBIENTE EN EL DESIERTO DE ATACAMA (1915-2015)",HUMANIDADES,HISTORIA DE CHILE,HISTORIA,36,PERSONA NATURAL,DAMIR GALAZ-MANDAKOVIC FERNANDEZ,HOMBRE,UNIVERSIDAD CATOLICA DEL NORTE,NORTE,02. ANTOFAGASTA,74282,
11181056,32287,PROYECTOS DE INVESTIGACION,FONDECYT,INICIACION,FONDECYT de IniciaciOn 2018,2018,2018,PRICING CUSTOMER OPT-OUT OPTION IN THE VEHICLE ROUTING PROBLEM: AN APPLICATION TO THE SCHOOL BUS ROUTING PROBLEM,INGENIERIA Y TECNOLOGIA,OTRAS INGENIERIAS Y TECNOLOGIAS,INGENIERIA 2,24,PERSONA NATURAL,HERNAN CACERES VENEGAS,HOMBRE,UNIVERSIDAD CATOLICA DEL NORTE,NORTE,02. ANTOFAGASTA,31248,
11181150,32313,PROYECTOS DE INVESTIGACION,FONDECYT,INICIACION,FONDECYT de IniciaciOn 2018,2018,2018,"LA FE AUSTRAL: MIGRACION, MOVILIDAD FRONTERIZA Y TRANSFRONTERIZA DE LAS COMUNIDADES PENTECOSTALES DE ORIGEN CHILENO EN LA PATAGONIA ARGENTINA Y LA ZONA AUSTRAL CHILENA (1990-2018).",HUMANIDADES,OTRAS ESPECIALIDADES DE LA ANTROPOLOGIA,ANTROP. Y ARQUE,36,PERSONA NATURAL,LUIS ORELLANA URTUBIA,HOMBRE,UNIVERSIDAD ARTURO PRAT,NORTE,01. TARAPACA,98786,
7818I20001,32362,REC,PAI,INSERCION SECTOR PRODUCTIVO,"InserciOn de Capital Humano Avanzado en el Sector Productivo 2018 2da Convocatoria, Modalidad InserciOn en InvestigaciOn",2018,2018,DESARROLLO DE UN PROCEDIMIENTO INTEGRAL PARA EL DIAGNOSTICO DE PUENTES DE HORMIGON ARMADO CON TECNICAS NO-DESTRUCTIVAS,INGENIERIA Y TECNOLOGIA,INGENIERIA CIVIL,NO APLICA,24,PERSONA JURIDICA,SIN INFORMACION,HOMBRE,BDL SOLUCIONES ESTRUCTURALES SPA,NORTE,01. TARAPACA,54700,
7818I20008,32366,REC,PAI,INSERCION SECTOR PRODUCTIVO,"InserciOn de Capital Humano Avanzado en el Sector Productivo 2018 2da Convocatoria, Modalidad InserciOn en InvestigaciOn",2018,2018,DISEÃ‘O E IMPLEMENTACION DE INSTRUMENTO PARA LA MEDICION DE IMPACTOS SOCIOCULTURALES Y ECONOMICOS DEL TURISMO INDIGENA EN CHILE.,HUMANIDADES,OTRAS ESPECIALIDADES DE LA ANTROPOLOGIA,NO APLICA,24,PERSONA JURIDICA,SEBASTIAN GATICA MONTERO,HOMBRE,THE GLOBAL COMMUNITY BASED TOURISM NETWORK SPA,NORTE,01. TARAPACA,57140,
7818V20001,32370,REC,PAI,INSERCION SECTOR PRODUCTIVO,"InserciOn de Capital Humano Avanzado en el Sector Productivo 2018 2da Convocatoria, Modalidad VinculaciOn Previa",2018,2018,"CREACION DE UN AREA DE EVALUACION Y DIAGNOSTICO DE TUBERIAS DE TRANSPORTE DE FLUIDOS CON SISTEMAS DE CONTROL NUCLEONICO (NEUTRONES, TOMOGRAFIA GAMA Y OTRAS), TRAZADORES RADIACTIVOS Y TECNICAS CONVENCIONALES CON PROPOSITOS DE MANTENCION PREVENTIVA",CIENCIAS NATURALES,INGENIERIA QUIMICA,NO APLICA,24,PERSONA JURIDICA,FRANCISCO DIAZ VARGAS,HOMBRE,TRAZADO NUCLEAR E INGENIERIA LTDA,NORTE,02. ANTOFAGASTA,7440,
MEC80180007,32383,REC,PCI,"MEC - ATRACCION DE CAPITAL HUMANO AVANZADO DEL EXTRANJERO, MODALIDAD ESTADIAS CORTAS",MOVILIDAD - MEC Bases 3374/2018,2018,2018,GEOMETRIA DESDE VARIAS PERSPECTIVAS,HUMANIDADES,HUMANIDADES,NO APLICA,18,PERSONA JURIDICA,ELIZABETH GASPARIM,MUJER,UNIVERSIDAD CATOLICA DEL NORTE,NORTE,02. ANTOFAGASTA,20300,
MEC80180018,32386,REC,PCI,"MEC - ATRACCION DE CAPITAL HUMANO AVANZADO DEL EXTRANJERO, MODALIDAD ESTADIAS CORTAS",MOVILIDAD - MEC Bases 3374/2018,2018,2018,FORTALECIMIENTO DE LA INVESTIGACION Y LA DOCENCIA DEL DOCTORADO EN CIENCIAS MENCION GEOLOGIA EN EL AREA DE GEOMICROBIOLOGIA DE LA UNIVERSIDAD CATOLICA DEL NORTE,CIENCIAS NATURALES,CIENCIAS NATURALES,NO APLICA,18,PERSONA JURIDICA,BARBARA FUENTES SIEGMUND,MUJER,UNIVERSIDAD CATOLICA DEL NORTE,NORTE,02. ANTOFAGASTA,10600,
MEC80180034,32394,REC,PCI,"MEC - ATRACCION DE CAPITAL HUMANO AVANZADO DEL EXTRANJERO, MODALIDAD ESTADIAS CORTAS",MOVILIDAD - MEC Bases 3374/2018,2018,2018,INFLUENCIA DE LAS TECNOLOGIAS DE INFORMACION EN RELACION CIUDADANO-GOBIERNO: ESTUDIO A TRAVES DE METODOS CUANTITATIVOS AVANZADOS.,MULTIDISCIPLINARIO,,NO APLICA,18,PERSONA JURIDICA,PATRICIO RAMIREZ CORREA,HOMBRE,UNIVERSIDAD CATOLICA DEL NORTE,NORTE,02. ANTOFAGASTA,10600,
MEC80180063,32406,REC,PCI,"MEC - ATRACCION DE CAPITAL HUMANO AVANZADO DEL EXTRANJERO, MODALIDAD ESTADIAS CORTAS",MOVILIDAD - MEC Bases 3374/2018,2018,2018,ECOLOGIA QUIMICA Y BIOACTIVIDAD DE MACROALGAS DEL NORTE DE CHILE,CIENCIAS NATURALES,CIENCIAS NATURALES,NO APLICA,18,PERSONA JURIDICA,FADIA TALA,MUJER,UNIVERSIDAD CATOLICA DEL NORTE,NORTE,02. ANTOFAGASTA,9100,
MEC80180072,32410,REC,PCI,"MEC - ATRACCION DE CAPITAL HUMANO AVANZADO DEL EXTRANJERO, MODALIDAD ESTADIAS CORTAS",MOVILIDAD - MEC Bases 3374/2018,2018,2018,ECOLOGIA DE INVASION EN AMBIENTES MARINOS,CIENCIAS NATURALES,CIENCIAS NATURALES,NO APLICA,18,PERSONA JURIDICA,MARTIN THIEL,HOMBRE,UNIVERSIDAD CATOLICA DEL NORTE,NORTE,02. ANTOFAGASTA,11900,
MEC80180111,32427,REC,PCI,"MEC - ATRACCION DE CAPITAL HUMANO AVANZADO DEL EXTRANJERO, MODALIDAD ESTADIAS CORTAS",MOVILIDAD - MEC Bases 3374/2018,2018,2018,MODELOS DE METABOLISMOS QUE PERMITEN MANTENER POBLACIONES MICROBIANAS ACTIVAS ASOCIADAS A FACIES SALINAS DE OCURRENCIA UNICA EN EL DESIERTO DE ATACAMA Y EL ALTIPLANO CHILENO.,CIENCIAS NATURALES,CIENCIAS NATURALES,NO APLICA,18,PERSONA JURIDICA,CECILIA DEMERGASSO,MUJER,UNIVERSIDAD CATOLICA DEL NORTE,NORTE,02. ANTOFAGASTA,10600,
3180071,32506,PROYECTOS DE INVESTIGACION,FONDECYT,POSTDOCTORADO,CONCURSO POSTDOCTORADO 2018,2018,2018,ORBITAL OBLIQUITY MEASUREMENTS OF K & M DWARF PLANETARY SYSTEMS VIA STAR-SPOT TRACKING,CIENCIAS NATURALES,"ASTRONOMIA, COSMOLOGIA Y PARTICULAS","ASTRON.,COSMOL.Y PAR",36,PERSONA NATURAL,JEREMY TREGLOAN-REED,HOMBRE,UNIVERSIDAD DE ANTOFAGASTA,NORTE,02. ANTOFAGASTA,81624,
3180173,32554,PROYECTOS DE INVESTIGACION,FONDECYT,POSTDOCTORADO,CONCURSO POSTDOCTORADO 2018,2018,2018,ITINERARIOS TERAPEUTICOS TRANSFRONTERIZOS: PLURALISMO MEDICO Y MIGRACION FRONTERIZA INDIGENA Y NO INDIGENA EN LA REGION HISTORICA DE TARAPACA.,CIENCIAS SOCIALES,ANTROPOLOGIA Y ARQUEOLOGIA,ANTROP. Y ARQUE,36,PERSONA NATURAL,CARLOS DANIEL PIÃ‘ONES RIVERA,HOMBRE,UNIVERSIDAD ARTURO PRAT,NORTE,01. TARAPACA,78586,
3180199,32570,PROYECTOS DE INVESTIGACION,FONDECYT,POSTDOCTORADO,CONCURSO POSTDOCTORADO 2018,2018,2018,METAL-ORGANIC FRAMEWORKS COMO MATERIALES DE ELECTRODO PARA BATERIAS RECARGABLES DE ION-LI,INGENIERIA Y TECNOLOGIA,INGENIERIA 1,INGENIERIA 1,36,PERSONA NATURAL,LINDLEY ANDRES MAXWELL VILLACORTA,HOMBRE,UNIVERSIDAD DE ANTOFAGASTA,NORTE,02. ANTOFAGASTA,78624,
3180276,32596,PROYECTOS DE INVESTIGACION,FONDECYT,POSTDOCTORADO,CONCURSO POSTDOCTORADO 2018,2018,2018,TOWARDS A CONTINUOUSLY TUNABLE IN A WIDE SPECTRAL RANGE THZ PHOTODETECTOR BASED ON THE DELTA DOPED QUANTUM WELLS,CIENCIAS NATURALES,FISICA TEORICA Y EXPERIMENTAL,FISICA TEORICA Y EXP,36,PERSONA NATURAL,ANTON TIUTIUNNYK,HOMBRE,UNIVERSIDAD DE TARAPACA,NORTE,15. ARICA Y PARINACOTA,78624,
3180317,32615,PROYECTOS DE INVESTIGACION,FONDECYT,POSTDOCTORADO,CONCURSO POSTDOCTORADO 2018,2018,2018,"AGRO-PASTORAL PRACTICES IN THE ATACAMA DESERT: CHANGE, INTENSIFICATION AND THEIR IMPACT ON HUMAN DIET",CIENCIAS SOCIALES,ANTROPOLOGIA Y ARQUEOLOGIA,ANTROP. Y ARQUE,36,PERSONA NATURAL,FRANCISCA ANDREA SANTANA SAGREDO,MUJER,UNIVERSIDAD DE ANTOFAGASTA,NORTE,02. ANTOFAGASTA,78624,
3180333,32625,PROYECTOS DE INVESTIGACION,FONDECYT,POSTDOCTORADO,CONCURSO POSTDOCTORADO 2018,2018,2018,"ETNIFICACION, ETNOGENESIS, COMUNALIZACION Y PROCESOS FRONTERIZOS EN LAS FIESTAS TRADICIONALES AYMARA DE LA REGION DE TARAPACA",CIENCIAS SOCIALES,ANTROPOLOGIA Y ARQUEOLOGIA,ANTROP. Y ARQUE,36,PERSONA NATURAL,PABLO MARDONES CHARLONE,HOMBRE,UNIVERSIDAD ARTURO PRAT,NORTE,01. TARAPACA,81624,
3180519,32698,PROYECTOS DE INVESTIGACION,FONDECYT,POSTDOCTORADO,CONCURSO POSTDOCTORADO 2018,2018,2018,PROPIEDADES MAGNETICAS DE NANOESTRUCTURAS CILINDRICAS COMPLEJAS,CIENCIAS NATURALES,FISICA TEORICA Y EXPERIMENTAL,FISICA TEORICA Y EXP,36,PERSONA NATURAL,DIEGO FELIPE SALAZAR ARAVENA,HOMBRE,UNIVERSIDAD DE TARAPACA,NORTE,15. ARICA Y PARINACOTA,78624,
3180593,32725,PROYECTOS DE INVESTIGACION,FONDECYT,POSTDOCTORADO,POSTDOCTORADO,2018,2018,"ESPACIOS SOCIALES, ESPACIOS CORPORALES: ESTUDIO COMPARATIVO DE LA TEXTILIZACION DE LOS CUERPOS CHINCHORRO (COSTA DEL DESIERTO DE ATACAMA)",CIENCIAS SOCIALES,ANTROP. Y ARQUE,ANTROP. Y ARQUE,36,PERSONA NATURAL,INDIRA MONTT SCHROEDER,MUJER,UNIVERSIDAD DE TARAPACA,NORTE,15. ARICA Y PARINACOTA,79512,
ER180001,32798,NO APLICA,EXPLORA,PROYECTOS ASOCIATIVOS DE DIVULGACION Y VALORACION CIENTIFICA Y TECNOLOGICA EXPLORA REGIONAL,VII Concurso Proyecto Asociativo de DivulgaciOn y ValoraciOn CientIfica y TecnolOgica Explora RegiOn de TarapacA 2018-2019,2018,2018,PROYECTO ASOCIATIVO REGIONAL TARAPACA,MULTIDISCIPLINARIO,OTRAS ESPECIALIDADES DE LA EDUCACION,NO APLICA,12,PERSONA JURIDICA,VALESKA IVONNE ZEPEDA CORDERO,MUJER,CORPORACION REGIONAL DE DESARROLLO PRODUCTIVO DE TARAPACA,NORTE,01. TARAPACA,180000,
REDES180136,32886,REC,PCI,REDES INTERNACIONALES - PROGRAMA DE APOYO A LA FORMACION DE REDES INTERNACIONALES ENTRE CENTROS DE INVESTIGACION,APOYO A LA FORMACION DE REDES INTERNACIONALES ENTRE CENTROS DE INVESTIGACION CONVOCATORIA 2018,2018,2018,"JOINT CHILE, RUSSIA, POLAND ASTRONOMICAL RESEARCHERS BASED ON THE HIGH-RESOLUTION SPECTROSCOPY",CIENCIAS NATURALES,ASTRONOMIA,NO APLICA,24,PERSONA JURIDICA,GAZINUR GALAZUTDINOV,HOMBRE,UNIVERSIDAD CATOLICA DEL NORTE,NORTE,02. ANTOFAGASTA,"15696,662",
1180016,32927,PROYECTOS DE INVESTIGACION,FONDECYT,REGULAR,REGULAR,2018,2018,SEGREGACION OCUPACIONAL POR SEXO: ETNOGRAFIA DE LAS INTERACCIONES SIMBOLICAS Y NO SIMBOLICAS EN LA FORMACION TECNICA Y/O UNIVERSITARIA PARA LA MINERIA MIXTA DEL 2035,CIENCIAS SOCIALES,SOCIOLOGIA CS I,SOCIOLOGIA CS I,"43,8",PERSONA NATURAL,PAULINA SALINAS MERUANE,MUJER,UNIVERSIDAD CATOLICA DEL NORTE,NORTE,02. ANTOFAGASTA,100040,
1180066,32947,PROYECTOS DE INVESTIGACION,FONDECYT,REGULAR,REGULAR,2018,2018,RESOLVING THE MASS LOSS FROM STARS IN LATE EVOLUTIONARY STAGES BY HIGH SPATIAL RESOLUTION OBSERVATIONS FROM THE VISIBLE TO THE INFRARED TO THE MILLIMETER DOMAIN,CIENCIAS NATURALES,"ASTRON.,COSMOL.Y PAR","ASTRON.,COSMOL.Y PAR","43,8",PERSONA NATURAL,KEIICHI ONAKA,HOMBRE,UNIVERSIDAD CATOLICA DEL NORTE,NORTE,02. ANTOFAGASTA,59311,
1180079,32952,PROYECTOS DE INVESTIGACION,FONDECYT,REGULAR,REGULAR,2018,2018,MERCANTILIZACION DE LAS EMOCIONES. EL LUGAR SIMBOLICO DE LAS TRABAJADORAS SEXUALES EN LAS EMOCIONES DE LOS HOMBRES DE LA GRAN MINERIA DEL COBRE.,CIENCIAS SOCIALES,SOCIOLOGIA CS I,SOCIOLOGIA CS I,"43,8",PERSONA NATURAL,JIMENA SILVA SEGOVIA,MUJER,UNIVERSIDAD CATOLICA DEL NORTE,NORTE,02. ANTOFAGASTA,142857,
1180200,32983,PROYECTOS DE INVESTIGACION,FONDECYT,REGULAR,REGULAR,2018,2018,ANALISIS DEL IMPACTO RELATIVO DEL SISTEMA DE CIENCIA CHILENO 2010-2017. UN ENFOQUE LIBRE DE ESCALA.,CIENCIAS SOCIALES,SOCIOLOGIA CS I,SOCIOLOGIA CS I,"43,8",PERSONA NATURAL,GUILLERMO RONDA PUPO,HOMBRE,UNIVERSIDAD CATOLICA DEL NORTE,NORTE,02. ANTOFAGASTA,67928,
1180315,33007,PROYECTOS DE INVESTIGACION,FONDECYT,REGULAR,REGULAR,2018,2018,"FACTORES MEDIADORES DEL EFECTO DE LA DISCRIMINACION SOBRE LA SALUD FISICA, MENTAL Y EL BIENESTAR EN INMIGRANTES COLOMBIANOS EN EL NORTE Y CENTRO DE CHILE",CIENCIAS SOCIALES,SICOLOGIA,SICOLOGIA,"43,8",PERSONA NATURAL,ALFONSO URZUA MORALES,HOMBRE,UNIVERSIDAD CATOLICA DEL NORTE,NORTE,02. ANTOFAGASTA,209835,
1180319,33008,PROYECTOS DE INVESTIGACION,FONDECYT,REGULAR,REGULAR,2018,2018,ESTUDIO COMPARADO SOBRE LA MIGRACION ASIATICA Y LA DEL MEDIO ORIENTE EN ANTOFAGASTA Y VALPARAISO ENTRE 1880-1930,HUMANIDADES,HISTORIA,HISTORIA,"43,8",PERSONA NATURAL,JOSE GONZALEZ PIZARRO,HOMBRE,UNIVERSIDAD CATOLICA DEL NORTE,NORTE,02. ANTOFAGASTA,122120,
1180484,33053,PROYECTOS DE INVESTIGACION,FONDECYT,REGULAR,REGULAR,2018,2018,"DETERMINANTES, PROCESOS Y RESULTADOS DE LAS CARRERAS DE EDUCACION PARVULARIA Y PEDAGOGIA EN EDUCACION BASICA: ELEMENTOS CRITICOS E IMPERATIVOS ESTRATEGICOS",CIENCIAS SOCIALES,EDUCACION,EDUCACION,"43,8",PERSONA NATURAL,EMILIO RODRIGUEZ PONCE,HOMBRE,UNIVERSIDAD DE TARAPACA,NORTE,15. ARICA Y PARINACOTA,119618,
1180727,33133,PROYECTOS DE INVESTIGACION,FONDECYT,REGULAR,REGULAR,2018,2018,"COHOMOLOGICAL KERNELS, DIVISION ALGEBRAS, QUADRATIC FORMS AND THE DERHAM WITT COMPLEX",CIENCIAS NATURALES,MATEMATICAS,MATEMATICAS,"43,8",PERSONA NATURAL,ROBERTO ARAVIRE FLORES,HOMBRE,UNIVERSIDAD ARTURO PRAT,NORTE,01. TARAPACA,86779,
1180826,33155,PROYECTOS DE INVESTIGACION,FONDECYT,REGULAR,REGULAR,2018,2018,BRIDGING THE GAPS IN OPTIMAL DESIGN OF FLOTATION CIRCUITS,INGENIERIA Y TECNOLOGIA,INGENIERIA 3,INGENIERIA 3,"43,8",PERSONA NATURAL,LUIS CISTERNAS ARAPIO,HOMBRE,UNIVERSIDAD DE ANTOFAGASTA,NORTE,02. ANTOFAGASTA,146084,
1180905,33181,PROYECTOS DE INVESTIGACION,FONDECYT,REGULAR,REGULAR,2018,2018,CHARACTERIZATION OF CHAOTIC STATES IN PARAMETRICALLY DRIVEN DISSIPATIVE SYSTEMS,CIENCIAS NATURALES,FISICA TEORICA Y EXP,FISICA TEORICA Y EXP,"43,8",PERSONA NATURAL,DAVID LAROZE NAVARRETE,HOMBRE,UNIVERSIDAD DE TARAPACA,NORTE,15. ARICA Y PARINACOTA,195039,
1180924,33190,PROYECTOS DE INVESTIGACION,FONDECYT,REGULAR,REGULAR,2018,2018,LA FE MUEVE FRONTERAS,CIENCIAS SOCIALES,ANTROP. Y ARQUE,ANTROP. Y ARQUE,"43,8",PERSONA NATURAL,MIGUEL MANSILLA AGUERO,HOMBRE,UNIVERSIDAD ARTURO PRAT,NORTE,01. TARAPACA,163294,
1181183,33263,PROYECTOS DE INVESTIGACION,FONDECYT,REGULAR,REGULAR,2018,2018,ERGODIC PROPERTIES OF IMPULSIVE SEMIFLOWS AND SINGULAR ATTRACTORS IN 3-DIMENSION MANIFOLD,CIENCIAS NATURALES,MATEMATICAS,MATEMATICAS,"43,8",PERSONA NATURAL,BERNARDO SAN MARTIN REBOLLEDO,HOMBRE,UNIVERSIDAD CATOLICA DEL NORTE,NORTE,02. ANTOFAGASTA,51072,
1181302,33291,PROYECTOS DE INVESTIGACION,FONDECYT,REGULAR,REGULAR,2018,2018,"SYNTHESIS AND CHARACTERIZATION OF THE STRUCTURAL MODIFICATIONS OF Y2WO6:RE /TIO2 CORE/SHELL NP (RE = EU, SM AND GD, ER AND THE COUPLE ER/YB) AND THEIR USE AS PHOTOELECTRODES FOR THE IMPROVEMENT OF THE EFFICIENCY OF RED AND NIR SUNLIGHT HARVESTING IN",CIENCIAS NATURALES,QUIMICA,QUIMICA 2,"43,8",PERSONA NATURAL,JAIME LLANOS SILVA,HOMBRE,UNIVERSIDAD CATOLICA DEL NORTE,NORTE,02. ANTOFAGASTA,113723,
1181368,33305,PROYECTOS DE INVESTIGACION,FONDECYT,REGULAR,REGULAR,2018,2018,ASYMPTOTIC FUNCTIONS AND VARIATIONAL CONVERGENCE NOTIONS FOR VECTOR FUNCTIONS AND SET-VALUED MAPS AND THEIR APPLICATIONS TO VECTOR AND SET OPTIMIZATION PROBLEMS,CIENCIAS NATURALES,MATEMATICAS,MATEMATICAS,"43,8",PERSONA NATURAL,RUBEN LOPEZ MONTOYA,HOMBRE,UNIVERSIDAD DE TARAPACA,NORTE,15. ARICA Y PARINACOTA,73769,
1181558,33344,PROYECTOS DE INVESTIGACION,FONDECYT,REGULAR,REGULAR,2018,2018,THEORETICAL PROPERTIES OF STATISTICAL COMPLEXITY AND INFORMATION IN PHYSICAL SYSTEMS,CIENCIAS NATURALES,FISICA TEORICA Y EXP,FISICA TEORICA Y EXP,"43,8",PERSONA NATURAL,FLAVIA PENNINI,MUJER,UNIVERSIDAD CATOLICA DEL NORTE,NORTE,02. ANTOFAGASTA,100904,
1181713,33382,PROYECTOS DE INVESTIGACION,FONDECYT,REGULAR,REGULAR,2018,2018,"INTERCULTURALITY IN DIVERSE AND SOMETIMES ADVERSE SCHOOLS: CURRICULUM, SCHOOL SUBJECT MATTERS AND VALUES IN THE BORDER CONTEXT OF ARICA AND PARINACOTA",CIENCIAS SOCIALES,EDUCACION,EDUCACION,"43,8",PERSONA NATURAL,PAMELA ZAPATA SEPULVEDA,MUJER,UNIVERSIDAD DE TARAPACA,NORTE,15. ARICA Y PARINACOTA,88508,
1181750,33392,PROYECTOS DE INVESTIGACION,FONDECYT,REGULAR,REGULAR,2018,2018,"REDES VIALES, SISTEMAS DE MOVILIDAD Y RELACIONES INTERCULTURALES PREHISPANICAS EN LA PAMPA DEL DESIERTO DE ATACAMA (CA. 1500 AC-1550 DC).",CIENCIAS SOCIALES,ANTROP. Y ARQUE,ANTROP. Y ARQUE,"43,8",PERSONA NATURAL,GONZALO PIMENTEL GUZMAN,HOMBRE,UNIVERSIDAD CATOLICA DEL NORTE,NORTE,02. ANTOFAGASTA,219214,
1181773,33399,PROYECTOS DE INVESTIGACION,FONDECYT,REGULAR,REGULAR,2018,2018,MICROBIAL COMPLEXITY GRADIENTS IN POLYEXTREME ENVIRONMENTS,CIENCIAS NATURALES,BIOLOGIA 3,BIOLOGIA 3,"43,8",PERSONA NATURAL,CRISTINA DORADOR ORTIZ,MUJER,UNIVERSIDAD DE ANTOFAGASTA,NORTE,02. ANTOFAGASTA,247543,
1181844,33419,PROYECTOS DE INVESTIGACION,FONDECYT,REGULAR,REGULAR,2018,2018,"SONIDOS SERRANOS. DE LA TIRANA A PAUCARTAMBO: SANTUARIOS, MUSICALIZACION Y DANZAS EN EL PAISAJE SONORO ANDINO.",HUMANIDADES,ARTES Y ARQUITECTURA,ARTES Y ARQUITECTURA,"43,8",PERSONA NATURAL,ALBERTO DIAZ ARAYA,HOMBRE,UNIVERSIDAD DE TARAPACA,NORTE,15. ARICA Y PARINACOTA,159015,
1181901,33428,PROYECTOS DE INVESTIGACION,FONDECYT,REGULAR,REGULAR,2018,2018,CADENAS TRANSFRONTERIZAS DE CUIDADO ENTRE CHILE Y BOLIVIA: TRABAJO DE CUIDADO Y EMOCIONES EN UN CONTEXTO DE MOVILIDAD CIRCULAR,CIENCIAS SOCIALES,SOCIOLOGIA CS I,SOCIOLOGIA CS I,"43,8",PERSONA NATURAL,SANDRA LEIVA GOMEZ,MUJER,UNIVERSIDAD ARTURO PRAT,NORTE,01. TARAPACA,132183,
7818D20001,33475,REC,PAI,TESIS DE DOCTORADO EN LA INDUSTRIA,"Tesis de Doctorado en el Sector Productivo 2018, Modalidad 1 Tesis de Doctorado 2da Convocatoria",2018,2018,IMPLEMENTACION DE MODELOS GEOMETALURGICOS EN LA PLANIFICACION MINERA: GUIA MULTIDISCIPLINARIA PARA LA DEFINICION DE RESERVAS MINERAS SEGUN CODIGO INTERNACIONAL NI 43-101,INGENIERIA Y TECNOLOGIA,OTRAS INGENIERIAS Y TECNOLOGIAS,NO APLICA,24,PERSONA JURIDICA,BRIAN TOWNLEY CALLEJAS,HOMBRE,UNIVERSIDAD DE CHILE,NORTE,01. TARAPACA,31814,
7818T20006,33483,REC,PAI,TESIS DE DOCTORADO EN LA INDUSTRIA,"Tesis de Doctorado en el Sector Productivo 2018 2da Convocatoria, Modalidad 2 VinculaciOn Previa-Tesis",2018,2018,SINTESIS Y ESTUDIO ESTRUCTURAL DE COMPLEJOS INORGANICOS DE NI(II) Y CU(II) DERIVADOS DE BASES DE SCHIFF. POTENCIAL APLICACION COMO INHIBIDORES ADITIVOS Y PIGMENTOS EN HORMIGON ARMADO DE ESTRUCTURAS METALICAS FRENTE A LA CORROSION ATMOSFERICA.,CIENCIAS NATURALES,OTRAS ESPECIALIDADES DE LA QUIMICA,NO APLICA,24,PERSONA JURIDICA,MAURICIO FUENTEALBA CARRASCO,HOMBRE,PONTIFICIA UNIVERSIDAD CATOLICA DE VALPARAISO,NORTE,01. TARAPACA,1800,
CL_2018B_016,33508,REC,ASTRONOMIA,TIEMPO DE OBSERVACION GEMINI SUR-B,Tiempo de Telescopio Gemini Sur Bases 3156/2018,2018,2018,OPTICAL TRANSMISSION SPECTROSCOPY OF WASP-156B OFFERS THE BEST SCENARIO TO DECOUPLE FROM USUAL HOT JUPITER ENVIRONMENT,CIENCIAS NATURALES,CIENCIAS NATURALES,NO APLICA,6,PERSONA NATURAL,MAXIMILIANO MOYANO DÂ´ANGELO,HOMBRE,UNIVERSIDAD CATOLICA DEL NORTE,NORTE,02. ANTOFAGASTA,,SIN INFORMACION
viu18p0021,33519,INVESTIGACION APLICADA,FONDEF,VALORIZACION DE LA INVESTIGACION EN LA UNIVERSIDAD - OCTAVA CONVOCATORIA / RENOVACION 2018,VIU - Etapa 1 Bases 4091/2018 Octava Convocatoria RenovaciOn 2018,2018,2018,OPTIMIZACION Y VALIDACION COMERCIAL DE UN PRODUCTO ALIMENTICIO FUNCIONAL PROVENIENTE DE LA APLICACION DE PROCESOS BIOTECNOLOGICOS ACUICOLAS Y DE LA AGROINDUSTRIA.,CIENCIAS AGRICOLAS,ALIMENTOS,NO APLICA,3,PERSONA JURIDICA,AYLIN SANTELICES CORTES,MUJER,UNIVERSIDAD ARTURO PRAT,NORTE,01. TARAPACA,2000,
viu18p0076,33543,INVESTIGACION APLICADA,FONDEF,VALORIZACION DE LA INVESTIGACION EN LA UNIVERSIDAD - OCTAVA CONVOCATORIA / RENOVACION 2018,VIU - Etapa 1 Bases 4091/2018 Octava Convocatoria RenovaciOn 2018,2018,2018,"INTERFAZ DE PROGRAMACION DE APLICACIONES PARA LA IDENTIFICACION DE PERSONAS Y ESTIMACION DE
 ATRIBUTOS FACIALES ROBUSTO A PARTIR DE IMAGENES O SECUENCIAS DE VIDEO, UTILIZANDO TECNICAS
 AVANZADAS DE RECONOCIMIENTO DE ROSTROS E INTELIGENCIA ARTIFICIAL.",INGENIERIA Y TECNOLOGIA,TECNOLOGIA DE LA INFORMACION Y COMUNICACIONES,NO APLICA,3,PERSONA JURIDICA,LUIS SAN MARTIN SAAVEDRA,HOMBRE,UNIVERSIDAD CATOLICA DEL NORTE,NORTE,02. ANTOFAGASTA,2000,
viu18p0079,33545,INVESTIGACION APLICADA,FONDEF,VALORIZACION DE LA INVESTIGACION EN LA UNIVERSIDAD - OCTAVA CONVOCATORIA / RENOVACION 2018,VIU - Etapa 1 Bases 4091/2018 Octava Convocatoria RenovaciOn 2018,2018,2018,"LINEA DE CREMAS TOPICAS ANALGESICAS, A BASE DE COMPUESTOS BIOACTIVOS PROVENIENTES DE MATERIAS PRIMAS NATURALES",CIENCIAS AGRICOLAS,ALIMENTOS,NO APLICA,3,PERSONA JURIDICA,SERGIO MUJICA BERNALES,HOMBRE,UNIVERSIDAD DE ANTOFAGASTA,NORTE,02. ANTOFAGASTA,2000,
viu18p0097,33553,INVESTIGACION APLICADA,FONDEF,VALORIZACION DE LA INVESTIGACION EN LA UNIVERSIDAD - OCTAVA CONVOCATORIA / RENOVACION 2018,VIU - Etapa 1 Bases 4091/2018 Octava Convocatoria RenovaciOn 2018,2018,2018,DIVERSIFICACION PRODUCTIVA DEL OREGANO DE LA PRECORDILLERA DE LA COMUNA DE PUTRE: UTILIZACION DEL OREGANO PARA EL DESARROLLO DE PROTOTIPOS DE ACEITES COMESTIBLES SABORIZADOS,CIENCIAS AGRICOLAS,ALIMENTOS,NO APLICA,3,PERSONA JURIDICA,DANIEL BURTON VILLALOBOS,HOMBRE,UNIVERSIDAD DE TARAPACA,NORTE,01. TARAPACA,2000,
viu18p0145,33575,INVESTIGACION APLICADA,FONDEF,VALORIZACION DE LA INVESTIGACION EN LA UNIVERSIDAD - OCTAVA CONVOCATORIA / RENOVACION 2018,VIU - Etapa 1 Bases 4091/2018 Octava Convocatoria RenovaciOn 2018,2018,2018,"PRODUCCION DE BIOMASA Y PIGMENTOS ANTIOXIDANTES DE MICROORGANISMOS
 HALOFILOS EXTREMOS COMO ADITIVO ALIMENTARIO.",CIENCIAS AGRICOLAS,ALIMENTOS,NO APLICA,3,PERSONA JURIDICA,DANIEL ANDRADE HIDALGO,HOMBRE,UNIVERSIDAD DE ANTOFAGASTA,NORTE,02. ANTOFAGASTA,2000,
VIU17E0069,33589,INVESTIGACION APLICADA,FONDEF,VIU,VII CONCURSO DE VALORIZACION DE LA INVESTIGACION EN LA UNIVERSIDAD,2018,2018,CALDOS DE ALGAS DESHIDRATADOS COMO ALTERNATIVA GOURMET SALUDABLE Y ALIMENTO FUNCIONAL,CIENCIAS AGRICOLAS,ALIMENTOS FUNCIONALES,NO APLICA,16,PERSONA JURIDICA,KARINA VELIZ ROJAS,MUJER,UNIVERSIDAD CATOLICA DEL NORTE,NORTE,02. ANTOFAGASTA,24000,
VIU17E0161,33605,INVESTIGACION APLICADA,FONDEF,VIU,VII CONCURSO DE VALORIZACION DE LA INVESTIGACION EN LA UNIVERSIDAD,2018,2018,ADITIVO GERMICIDA PARA HORMIGONES,INGENIERIA Y TECNOLOGIA,INFRAESTRUCTURA,NO APLICA,12,PERSONA JURIDICA,ORIETTA MALUENDA,MUJER,UNIVERSIDAD CATOLICA DEL NORTE,NORTE,02. ANTOFAGASTA,20400,
EQM190088,33654,CENTROS,FONDEQUIP,CONCURSO DE EQUIPAMIENTO CIENTIFICO Y TECNOLOGICO MEDIANO,VIII CONCURSO DE EQUIPAMIENTO CIENTIFICO Y TECNOLOGICO MEDIANO,2018,2019,REPOSICION Y ACTUALIZACION DEL EQUIPO IRGA 6800 PARA REESTABLECER/RECUPERAR LA LINEA DE INVESTIGACION EN LA PRODUCTIVIDAD VEGETAL EN CONDICIONES DE ARIDEZ Y EN EL CONTEXTO DEL CAMBIO CLIMATICO,CIENCIAS AGRICOLAS,,NO APLICA,18,PERSONA JURIDICA,JOSE DELATORRE HERRERA,HOMBRE,UNIVERSIDAD ARTURO PRAT,NORTE,01. TARAPACA,99308,
32180009,33678,REC,ASTRONOMIA,FONDO GEMINI - CONICYT,"FONDO GEMINIâ€“ CONICYT, PARA EL DESARROLLO DE LA ASTRONOMIA NACIONAL 2018",2018,2019,LIGHT UP THE ECLIPSE IN THE ATACAMA REGION,CIENCIAS NATURALES,ASTRONOMIA,NO APLICA,24,PERSONA JURIDICA,LORENZO MORELLI,HOMBRE,UNIVERSIDAD DE ATACAMA,NORTE,03. ATACAMA,5000,
32180014,33680,REC,ASTRONOMIA,FONDO GEMINI - CONICYT,"FONDO GEMINIâ€“ CONICYT, PARA EL DESARROLLO DE LA ASTRONOMIA NACIONAL 2018",2018,2019,INCT OPTICAL LABORATORY,CIENCIAS NATURALES,ASTRONOMIA,NO APLICA,24,PERSONA JURIDICA,MAURO BARBIERI,HOMBRE,UNIVERSIDAD DE ATACAMA,NORTE,03. ATACAMA,10000,
ID16I20244,33732,INVESTIGACION APLICADA,FONDEF,IDeA - IT,III CONCURSO 2 ETAPAS AÃ‘O 2016 - Etapa 2,2018,2019,DESARROLLO BIOTECNOLOGICO DE UN NUEVO RECURSO PLANCTONICO COMO FUENTE DE COMPUESTOS BIOACTIVOS PARA LA INDUSTRIA ACUICOLA Y ALIMENTARIA,CIENCIAS NATURALES,PESCA Y ACUICULTURA,NO APLICA,24,PERSONA JURIDICA,MARIA TERESA MATA,MUJER,UNIVERSIDAD DE ANTOFAGASTA,NORTE,02. ANTOFAGASTA,150000,
ID16I20437,33733,INVESTIGACION APLICADA,FONDEF,IDeA - IT,III CONCURSO 2 ETAPAS AÃ‘O 2016 - Etapa 2,2018,2019,REPOBLAMIENTO DE PECES DE ROCA DE ALTO VALOR COMERCIAL MEDIANTE SISTEMA SIPS EN CALETA DE PESCADORES ARTESANALES EN PRIMERA REGION TARAPACA RECUPERANDO LA CAPACIDAD EXTRACTIVA POR PARTE DE LOS PESCADORES IMPACTANDO POSITIVAMENTE INGRESOS Y NIVEL DE VIDA,CIENCIAS NATURALES,PESCA Y ACUICULTURA,NO APLICA,24,PERSONA JURIDICA,GERMAN PEDRO BUENO GALAZ,HOMBRE,UNIVERSIDAD ARTURO PRAT,NORTE,01. TARAPACA,149997,
ID19I10021,33760,INVESTIGACION APLICADA,FONDEF,IDeA I+D,CONCURSO IDEA I+D 2019,2018,2019,"PROPUESTA DE GUIA, ELABORACION DE MAPAS Y PLATAFORMA DE MULTIAMENAZAS PARA TOMA DE DECISIONES CRITIC AS Y ADAPTACION AL CAMBIO CLIMATICO DE REGIONES METROPOLITANAS Y GRANDES CONURBACIONES DE CHILE",INGENIERIA Y TECNOLOGIA,TECNOLOGIA DE LA INFORMACION Y COMUNICAC,NO APLICA,24,PERSONA JURIDICA,GABRIEL GONZALEZ LOPEZ,HOMBRE,UNIVERSIDAD CATOLICA DEL NORTE,NORTE,02. ANTOFAGASTA,199986,
ID19I10217,33801,INVESTIGACION APLICADA,FONDEF,IDeA I+D,Concurso IDeA I+D 2019,2018,2019,DESARROLLO DE UN PROTOTIPO PARA LA PRODUCCION DE MICROENCAPSULADOS DE LUTEINA EXTRAIDA DESDE BIOMASA MICROALGAL NATIVA COMO UN INGREDIENTE CON PROPIEDADES FUNCIONALES.,CIENCIAS NATURALES,PESCA Y ACUICULTURA,NO APLICA,24,PERSONA JURIDICA,CLAUDIA SEPULVEDA VEGA,MUJER,UNIVERSIDAD DE ANTOFAGASTA,NORTE,02. ANTOFAGASTA,200000,
ID19I10257,33805,INVESTIGACION APLICADA,FONDEF,IDeA I+D,Concurso IDeA I+D 2019,2018,2019,REDUCCION DEL TIEMPO DE RESPUESTA DE AMBULANCIAS SAMU EN LAS REGIONES DE ANTOFAGASTA Y COQUIMBO,CIENCIAS MEDICAS Y DE LA SALUD,TECNOLOGIA DE LA INFORMACION Y COMUNICAC,NO APLICA,24,PERSONA JURIDICA,HERNAN CACERES VENEGAS,HOMBRE,UNIVERSIDAD CATOLICA DEL NORTE,NORTE,02. ANTOFAGASTA,199746,
ID19I10366,33829,INVESTIGACION APLICADA,FONDEF,IDeA I+D,Concurso IDeA I+D 2019,2018,2019,DESARROLLO DE UN PROCESO DE OXIDACION AVANZADO COMBINADO CON ULTRASONIDOS QUE PERMITA EL RECICLAJE DE MEMBRANAS DE OSMOSIS INVERSA EN MEMBRANAS DE FILTRACION PARA EL TRATAMIENTO TERCIARIO DE AGUAS RESIDUALES,CIENCIAS NATURALES,ENERGIA Y AGUAS,NO APLICA,24,PERSONA JURIDICA,JAIME CHACANA OLIVARES,HOMBRE,UNIVERSIDAD CATOLICA DEL NORTE,NORTE,02. ANTOFAGASTA,199903,
11190023,33846,PROYECTOS DE INVESTIGACION,FONDECYT,INICIACION,CONCURSO DE PROYECTOS FONDECYT DE INICIACION EN INVESTIGACION 2019,2019,2019,"DEL ESPACIO ECONOMICO PERUANO A LA RIGIDIFICACION DE LAS FRONTERAS NACIONALES: EL PROCESO DE LA ARRIERIA EN LA ACTUAL REGION DE ANTOFAGASTA, CHILE (SIGLOS XVIII-XX)",CIENCIAS SOCIALES,ANTROP. Y ARQUE,ANTROP. Y ARQUE,36,PERSONA NATURAL,CARLOS MARIA CHIAPPE FIGUERAS,HOMBRE,UNIV.CATOLICA DEL NORTE,NORTE,02. ANTOFAGASTA,98038,
11190065,33861,PROYECTOS DE INVESTIGACION,FONDECYT,INICIACION,CONCURSO DE PROYECTOS FONDECYT DE INICIACION EN INVESTIGACION 2019,2019,2019,SCALE EFFECT ON ROCK MASSES: DEEPENING OUR KNOWLEDGE ON THE ROLE OF BOTH INTACT ROCK AND DISCONTINUITIES,INGENIERIA Y TECNOLOGIA,INGENIERIA 1,INGENIERIA 1,36,PERSONA NATURAL,JAVIER ARZUA TOURIÃ‘O,HOMBRE,UNIV.CATOLICA DEL NORTE,NORTE,02. ANTOFAGASTA,101576,
11190104,33869,PROYECTOS DE INVESTIGACION,FONDECYT,INICIACION,CONCURSO DE PROYECTOS FONDECYT DE INICIACION EN INVESTIGACION 2019,2019,2019,"NEW APPROACHES TO THE FUTURE-BASED DECISION MAKING BASED ON ""PROSPECTIVE MULTIPLE ATTRIBUTE DECISION MAKING (PMADM)"" OUTLINE",INGENIERIA Y TECNOLOGIA,INGENIERIA 2,INGENIERIA 2,36,PERSONA NATURAL,SARFARAZ HASHEMKHANIZOLFANI,HOMBRE,UNIV.CATOLICA DEL NORTE,NORTE,02. ANTOFAGASTA,28798,
11190112,33870,PROYECTOS DE INVESTIGACION,FONDECYT,INICIACION,CONCURSO DE PROYECTOS FONDECYT DE INICIACION EN INVESTIGACION 2019,2019,2019,LOCATION AND SORTING OF GROWTH-ORIENTED ENTREPRENEURSHIP IN CHILE,CIENCIAS SOCIALES,CS. ECONOM/ADMI,CS. ECONOM/ADMI,36,PERSONA NATURAL,FELIX ANTONIO MODREGO BENITO,HOMBRE,UNIV.CATOLICA DEL NORTE,NORTE,02. ANTOFAGASTA,66360,
11190145,33884,PROYECTOS DE INVESTIGACION,FONDECYT,INICIACION,CONCURSO DE PROYECTOS FONDECYT DE INICIACION EN INVESTIGACION 2019,2019,2019,"RATIONAL DESIGN, SYNTHESIS, BIOLOGICAL EVALUATION AND STRUCTURE-ACTIVITY RELATIONSHIP STUDY OF NOVEL BENZO[D]IMIDAZOLES AND BENZO[B]THIOPHENES AS AGONISTS OF THE CANNABINOID TYPE 1 AND 2 RECEPTORS.",CIENCIAS NATURALES,QUIMICA 1,QUIMICA 1,36,PERSONA NATURAL,JAVIER HERNAN ROMERO PARRA,HOMBRE,UNIV.CATOLICA DEL NORTE,NORTE,02. ANTOFAGASTA,74123,
11190184,33896,PROYECTOS DE INVESTIGACION,FONDECYT,INICIACION,CONCURSO DE PROYECTOS FONDECYT DE INICIACION EN INVESTIGACION 2019,2019,2019,NANOCYLINDRICAL MAGNONIC WAVEGUIDES AND MAGNONIC CRYSTALS.,CIENCIAS NATURALES,FISICA TEORICA Y EXP,FISICA TEORICA Y EXP,36,PERSONA NATURAL,JORGE AUGUSTO OTALORA ARIAS,HOMBRE,UNIV.CATOLICA DEL NORTE,NORTE,02. ANTOFAGASTA,79060,
11190190,33898,PROYECTOS DE INVESTIGACION,FONDECYT,INICIACION,CONCURSO DE PROYECTOS FONDECYT DE INICIACION EN INVESTIGACION 2019,2019,2019,AUTOMATIZED SYSTEM OF DETECTION AND CLASSIFICATION OF SEISMIC SIGNALS FOR NORTHERN CHILE VOLCANOES,CIENCIAS NATURALES,CS. DE LA TIERRA,CS. DE LA TIERRA,36,PERSONA NATURAL,PABLO EUGENIO SALAZAR REINOSO,HOMBRE,UNIV.CATOLICA DEL NORTE,NORTE,02. ANTOFAGASTA,66838,
11190289,33932,PROYECTOS DE INVESTIGACION,FONDECYT,INICIACION,CONCURSO DE PROYECTOS FONDECYT DE INICIACION EN INVESTIGACION 2019,2019,2019,PERFORMANCE ANALYSIS OF PHOTOVOLTAIC MATERIALS AND DEVICES EXPOSED TO ULTRAVIOLET LIGHT OF ATACAMA DESERT,INGENIERIA Y TECNOLOGIA,INGENIERIA 1,INGENIERIA 1,36,PERSONA NATURAL,PABLO DANIEL FERRADA MARTINEZ,HOMBRE,UNIV.DE ANTOFAGASTA,NORTE,02. ANTOFAGASTA,98117,
11190353,33956,PROYECTOS DE INVESTIGACION,FONDECYT,INICIACION,CONCURSO DE PROYECTOS FONDECYT DE INICIACION EN INVESTIGACION 2019,2019,2019,"PESQUERAS, TRIPULANTES Y CULTURA: EL PROCESO DE REESTRUCTURACION DE LA PESCA INDUSTRIAL BAJO EL MODELO NEOLIBERAL DEL NORTE GRANDE DE CHILE (1978-1990).",CIENCIAS SOCIALES,ANTROP. Y ARQUE,ANTROP. Y ARQUE,36,PERSONA NATURAL,CLAUDIO ROBERTO AGUIRRE MUNIZAGA,HOMBRE,UNIV.DE TARAPACA,NORTE,15. ARICA Y PARINACOTA,78360,
11190356,33959,PROYECTOS DE INVESTIGACION,FONDECYT,INICIACION,CONCURSO DE PROYECTOS FONDECYT DE INICIACION EN INVESTIGACION 2019,2019,2019,CANTANDO Y BAILANDO AL INKA: REPRESENTACIONES MUSICO-COREOGRAFICAS DE MEMORIA EN LOS ANDES,HUMANIDADES,ARTES Y ARQUITECTURA,ARTES Y ARQUITECTURA,36,PERSONA NATURAL,PAULA ALEJANDRA MARTINEZ SAGREDO,MUJER,UNIV.DE TARAPACA,NORTE,15. ARICA Y PARINACOTA,76321,
11190698,34071,PROYECTOS DE INVESTIGACION,FONDECYT,INICIACION,CONCURSO DE PROYECTOS FONDECYT DE INICIACION EN INVESTIGACION 2019,2019,2019,DESIGN AND SYNTHESIS OF ENANTIOPURE HYDROISOQUINOLINES VIA ORGANOCATALYSIS,CIENCIAS NATURALES,QUIMICA 2,QUIMICA 2,36,PERSONA NATURAL,CLAUDIO ANDRES PARRA MONTES,HOMBRE,UNIV.DE TARAPACA,NORTE,15. ARICA Y PARINACOTA,79320,
11190715,34078,PROYECTOS DE INVESTIGACION,FONDECYT,INICIACION,CONCURSO DE PROYECTOS FONDECYT DE INICIACION EN INVESTIGACION 2019,2019,2019,"HACIA UNA ARQUEOLOGIA DE LA PROSTITUCION: MATERIALIDADES, ESPACIALIDADES Y MEMORIAS DEL TRABAJO SEXUAL FEMENINO EN OFICINAS Y PUEBLOS SALITREROS DE LA REGION DE ANTOFAGASTA (1880-1940)",CIENCIAS SOCIALES,ANTROP. Y ARQUE,ANTROP. Y ARQUE,36,PERSONA NATURAL,MARIA FERNANDA KALAZICH ROSALES,MUJER,UNIV.CATOLICA DEL NORTE,NORTE,02. ANTOFAGASTA,99458,
11190754,34088,PROYECTOS DE INVESTIGACION,FONDECYT,INICIACION,CONCURSO DE PROYECTOS FONDECYT DE INICIACION EN INVESTIGACION 2019,2019,2019,NITROGEN-FIXING BACTERIAL ENDOPHYTES FROM ATACAMA DESERT PLANTS ENHANCES THE GROWTH AND WATER/NUTRITION-STRESS TOLERANCE OF PINUS RADIATA: IMPLICATION FOR MITIGATING IMPACTS OF CLIMATE CHANGE IN FOREST SPECIES,CIENCIAS AGRICOLAS,AGRONOMIA,AGRONOMIA,36,PERSONA NATURAL,ROMULO DANILO OSES PEDRAZA,HOMBRE,UNIV.DE ATACAMA,NORTE,03. ATACAMA,97870,
11190815,34104,PROYECTOS DE INVESTIGACION,FONDECYT,INICIACION,CONCURSO DE PROYECTOS FONDECYT DE INICIACION EN INVESTIGACION 2019,2019,2019,THERMODYNAMIC FORMALISM FOR DISCONTINUOUS SEMIFLOWS,CIENCIAS NATURALES,MATEMATICAS,MATEMATICAS,36,PERSONA NATURAL,NELDA DIANA JAQUE TAMBLAY,MUJER,UNIV.DE ATACAMA,NORTE,03. ATACAMA,65160,
11190818,34105,PROYECTOS DE INVESTIGACION,FONDECYT,INICIACION,CONCURSO DE PROYECTOS FONDECYT DE INICIACION EN INVESTIGACION 2019,2019,2019,ABUSO SEXUAL EN INSTITUCIONES RELIGIOSAS DEL NORTE DE CHILE: ANALISIS DE TRAYECTORIAS DE VIDA DE LAS VICTIMAS Y RESPUESTAS INSTITUCIONALES FRENTE A LAS ACUSACIONES.,CIENCIAS SOCIALES,PSICOLOGIA,SICOLOGIA,36,PERSONA NATURAL,CRISTIAN GUSTAVO PINTO CORTEZ,HOMBRE,UNIV.DE TARAPACA,NORTE,15. ARICA Y PARINACOTA,39402,
11190834,34111,PROYECTOS DE INVESTIGACION,FONDECYT,INICIACION,CONCURSO DE PROYECTOS FONDECYT DE INICIACION EN INVESTIGACION 2019,2019,2019,"THE POTENTIAL USE OF QUINOA SEEDHULL POWDER, A RICH SOURCE OF SAPONINS AND BIOACTIVE COMPOUNDS, AS PLANT BIOSTIMULANT.",CIENCIAS AGRICOLAS,AGRONOMIA,AGRONOMIA,36,PERSONA NATURAL,KARINA BEATRIZ RUIZ CARRASCO,MUJER,UNIV.ARTURO PRAT,NORTE,01. TARAPACA,78638,
11190918,34143,PROYECTOS DE INVESTIGACION,FONDECYT,INICIACION,CONCURSO DE PROYECTOS FONDECYT DE INICIACION EN INVESTIGACION 2019,2019,2019,OCEANIC RESPONSE TO WIND-STRESS CURL AND ITS IMPORTANCE IN COASTAL SYSTEMS OF CENTRAL-NORTHERN CHILE (28Â°S - 30Â° S).,CIENCIAS NATURALES,CS. DE LA TIERRA,CS. DE LA TIERRA,36,PERSONA NATURAL,LUIS ANDRES BRAVO GOMEZ,HOMBRE,UNIV.CATOLICA DEL NORTE,NORTE,02. ANTOFAGASTA,99671,
11190972,34158,PROYECTOS DE INVESTIGACION,FONDECYT,INICIACION,CONCURSO DE PROYECTOS FONDECYT DE INICIACION EN INVESTIGACION 2019,2019,2019,PHYTOCHEMICAL STUDY AND ANTIOXIDANT ACTIVITY OF AN ENDEMIC PLANT OF THE HIGH-PLANES OF NORTHERN CHILE WERNERIA GLABERRIMA: PROTECTIVE EFFECT IN CELLULAR MODELS OF PARKINSON'S DISEASE.,CIENCIAS NATURALES,QUIMICA 1,QUIMICA 1,36,PERSONA NATURAL,ADRIAN GUILLERMO PAREDES POBLETE,HOMBRE,UNIV.DE ANTOFAGASTA,NORTE,02. ANTOFAGASTA,81312,
11190980,34160,PROYECTOS DE INVESTIGACION,FONDECYT,INICIACION,CONCURSO DE PROYECTOS FONDECYT DE INICIACION EN INVESTIGACION 2019,2019,2019,IDENTIDADES SUPERORDINADAS Y EMOCIONES AUTOTRASCENDENTES: EL PAPEL DE ASOMBRO Y ELEVACION EN INCENTIVAR LA IDENTIDAD GLOBAL,CIENCIAS SOCIALES,PSICOLOGIA,SICOLOGIA,36,PERSONA NATURAL,ANNA MARCELINA WLODARCZYK,MUJER,UNIV.CATOLICA DEL NORTE,NORTE,02. ANTOFAGASTA,73466,
11191012,34170,PROYECTOS DE INVESTIGACION,FONDECYT,INICIACION,CONCURSO DE PROYECTOS FONDECYT DE INICIACION EN INVESTIGACION 2019,2019,2019,DEVELOPING NEW LEWIS ACID/BASE AND FRUSTRATED PAIRS,CIENCIAS NATURALES,QUIMICA 1,QUIMICA 1,36,PERSONA NATURAL,RICARDO JESUS INOSTROZA RIVERA,HOMBRE,UNIV.ARTURO PRAT,NORTE,01. TARAPACA,73505,
11191027,34176,PROYECTOS DE INVESTIGACION,FONDECYT,INICIACION,CONCURSO DE PROYECTOS FONDECYT DE INICIACION EN INVESTIGACION 2019,2019,2019,THE ROLE OF DISCOURSE OF UNIVERSITY STUDENTS WITH INVISIBLE DISABILITIES IN DOCTOR-PATIENT COMMUNICATION,HUMANIDADES,"LINGUISTICA,LITERATU","LINGUISTICA,LITERATU",36,PERSONA NATURAL,AGNIESZKA SOWINSKA,MUJER,UNIV.CATOLICA DEL NORTE,NORTE,02. ANTOFAGASTA,56941,
11191049,34179,PROYECTOS DE INVESTIGACION,FONDECYT,INICIACION,CONCURSO DE PROYECTOS FONDECYT DE INICIACION EN INVESTIGACION 2019,2019,2019,REGULATION OF SEROTONIN TRANSPORTER FUNCTION BY G PROTEIN BETA-GAMMA SUBUNITS,CIENCIAS NATURALES,BIOLOGIA 3,BIOLOGIA 3,36,PERSONA NATURAL,JOSE ANTONIO PINO REYES,HOMBRE,UNIV.DE ATACAMA,NORTE,03. ATACAMA,98031,
51,34239,REC,PCI,INVESTIGACION CONJUNTA - ERAMIN2,"CONCURSO ERAMIN2, PARA INVESTIGACION CONJUNTA",2019,2019,"SIDEROPHORES ASSISTED BIORECOVERY OF TECHNOLOGY CRITICAL ELEMENTS: GALLIUM (GA), GERMANIUM (GE) AND INDIUM (IN) FROM END-OF-LIFE PRODUCTS",CIENCIAS NATURALES,,NO APLICA,36,PERSONA JURIDICA,LUIS ROJAS ARAYA,HOMBRE,UNIVERSIDAD CATOLICA DEL NORTE,NORTE,02. ANTOFAGASTA,75000,
MEC80190006,34300,REC,PCI,MOVILIDAD - MEC,"CONCURSO DE ATRACCION DE CAPITAL HUMANO AVANZADO DEL EXTRANJERO, MODALIDAD ESTADIAS CORTAS â€“ MEC â€“ , CONVOCATORIA 2019",2019,2019,NUEVAS TECNOLOGIAS PARA EL PROCESAMIENTO DE MINERALES Y RELAVES EN BENEFICIO DE LA ECONOMIA CIRCULAR,INGENIERIA Y TECNOLOGIA,,NO APLICA,18,PERSONA JURIDICA,LUIS CISTERNAS ARAPIO,HOMBRE,UNIVERSIDAD DE ANTOFAGASTA,NORTE,02. ANTOFAGASTA,13900,
MEC80190008,34302,REC,PCI,MOVILIDAD - MEC,"CONCURSO DE ATRACCION DE CAPITAL HUMANO AVANZADO DEL EXTRANJERO, MODALIDAD ESTADIAS CORTAS â€“ MEC â€“ , CONVOCATORIA 2019",2019,2019,REDUCCION DE SESGO EN LA ESTIMACION DE LAS PERDIDAS EN LAS CARTERAS DE SEGUROS GENERALES Y UNA EXTENSION DE UN MODELO DE SOBREVIVENCIA CON FRACCION DE CURA,CIENCIAS NATURALES,,NO APLICA,18,PERSONA JURIDICA,DIEGO GALLARDO MATELUNA,HOMBRE,UNIVERSIDAD DE ATACAMA,NORTE,03. ATACAMA,11100,
MEC80190012,34304,REC,PCI,MOVILIDAD - MEC,"CONCURSO DE ATRACCION DE CAPITAL HUMANO AVANZADO DEL EXTRANJERO, MODALIDAD ESTADIAS CORTAS â€“ MEC â€“ , CONVOCATORIA 2019",2019,2019,FORTALECIMIENTO DE LA INVESTIGACION Y LA DOCENCIA DEL DOCTORADO EN CIENCIAS MENCION GEOLOGIA EN EL AREA DE GEOMICROBIOLOGIA EN AMBIENTES EXTREMOS DE LA UNIVERSIDAD CATOLICA DEL NORTE,CIENCIAS NATURALES,,NO APLICA,18,PERSONA JURIDICA,BARBARA FUENTES SIEGMUND,MUJER,UNIVERSIDAD CATOLICA DEL NORTE,NORTE,02. ANTOFAGASTA,11100,
MEC80190019,34306,REC,PCI,MOVILIDAD - MEC,"CONCURSO DE ATRACCION DE CAPITAL HUMANO AVANZADO DEL EXTRANJERO, MODALIDAD ESTADIAS CORTAS â€“ MEC â€“ , CONVOCATORIA 2019",2019,2019,FORTALECIMIENTO CIENTIFICO-ACADEMICO DEL AREA DE METALURGIA DE LA UNIVERSIDAD CATOLICA DEL NORTE,INGENIERIA Y TECNOLOGIA,,NO APLICA,18,PERSONA JURIDICA,EDELMIRA GALVEZ AHUMADA,MUJER,UNIVERSIDAD CATOLICA DEL NORTE,NORTE,02. ANTOFAGASTA,13900,
MEC80190032,34311,REC,PCI,MOVILIDAD - MEC,"CONCURSO DE ATRACCION DE CAPITAL HUMANO AVANZADO DEL EXTRANJERO, MODALIDAD ESTADIAS CORTAS â€“ MEC â€“ , CONVOCATORIA 2019",2019,2019,FORTALECIMIENTO DE LAS COMPETENCIAS EN INVESTIGACION Y PUBLICACION CIENTIFICA DE LOS ACADEMICOS DE LA UNIVERSIDAD ARTURO PRAT,INGENIERIA Y TECNOLOGIA,,NO APLICA,18,PERSONA JURIDICA,JAIME TAPIA QUEZADA,HOMBRE,UNIVERSIDAD ARTURO PRAT,NORTE,01. TARAPACA,9600,
MEC80190056,34321,REC,PCI,MOVILIDAD - MEC,"CONCURSO DE ATRACCION DE CAPITAL HUMANO AVANZADO DEL EXTRANJERO, MODALIDAD ESTADIAS CORTAS â€“ MEC â€“ , CONVOCATORIA 2019",2019,2019,DINAMICA DE FOKKER-PLANCK NO-LINEAL Y FISICA DE LA INFORMACION,CIENCIAS NATURALES,,NO APLICA,18,PERSONA JURIDICA,SERGIO CURILEF HUICHALAF,HOMBRE,UNIVERSIDAD CATOLICA DEL NORTE,NORTE,02. ANTOFAGASTA,13200,
MEC80190083,34332,REC,PCI,MOVILIDAD - MEC,"CONCURSO DE ATRACCION DE CAPITAL HUMANO AVANZADO DEL EXTRANJERO, MODALIDAD ESTADIAS CORTAS â€“ MEC â€“ , CONVOCATORIA 2019",2019,2019,OPTIMIZACION DE METODOS DE COSECHA PARA LA OBTENCION DE BIOMASA MICROALGAL DE CALIDAD.,INGENIERIA Y TECNOLOGIA,,NO APLICA,18,PERSONA JURIDICA,CLAUDIA SEPULVEDA VEGA,MUJER,UNIVERSIDAD DE ANTOFAGASTA,NORTE,02. ANTOFAGASTA,11100,
MEC80190101,34340,REC,PCI,MOVILIDAD - MEC,"CONCURSO DE ATRACCION DE CAPITAL HUMANO AVANZADO DEL EXTRANJERO, MODALIDAD ESTADIAS CORTAS â€“ MEC â€“ , CONVOCATORIA 2019",2019,2019,FORTALECIMIENTO DEL MAGISTER EN QUIMICA A TRAVES DE LA INVESTIGACION TEORICO-EXPERIMENTAL EN QUIMICA DE MATERIALES,CIENCIAS NATURALES,,NO APLICA,18,PERSONA JURIDICA,SERGIO CONEJEROS ESPINDOLA,HOMBRE,UNIVERSIDAD CATOLICA DEL NORTE,NORTE,02. ANTOFAGASTA,22300,
ER190010,34356,NO APLICA,EXPLORA,PAR - Etapa 1,VIII Concurso Proyecto Asociativo Regional de DivulgaciOn y ValoraciOn CientIfica y TecnolOgica Explora 2019-2022,2019,2019,PAR ANTOFAGASTA,MULTIDISCIPLINARIO,,NO APLICA,24,PERSONA JURIDICA,OLGA HERANDEZ GALLO,MUJER,UNIVERSIDAD CATOLICA DEL NORTE,NORTE,02. ANTOFAGASTA,250000,
ER190011,34357,NO APLICA,EXPLORA,PAR - Etapa 1,VIII Concurso Proyecto Asociativo Regional de DivulgaciOn y ValoraciOn CientIfica y TecnolOgica Explora 2019-2022,2019,2019,PAR ARICA Y PARINACOTA,MULTIDISCIPLINARIO,,NO APLICA,24,PERSONA JURIDICA,MONICA NAVARRETE ALVAREZ,MUJER,UNIVERSIDAD DE TARAPACA,NORTE,15. ARICA Y PARINACOTA,250000,
ER190012,34358,NO APLICA,EXPLORA,PAR - Etapa 1,VIII Concurso Proyecto Asociativo Regional de DivulgaciOn y ValoraciOn CientIfica y TecnolOgica Explora 2019-2022,2019,2019,PROYECTO ASOCIATIVO REGIONAL EXPLORA DE CONICYT TARAPACA,MULTIDISCIPLINARIO,,NO APLICA,24,PERSONA JURIDICA,VALESKA ZEPEDA CORDERO,MUJER,UNIVERSIDAD DE TARAPACA,NORTE,01. TARAPACA,250000,
ER190035,34365,NO APLICA,EXPLORA,PAR - Etapa 1,VIII Concurso Proyecto Asociativo Regional de DivulgaciOn y ValoraciOn CientIfica y TecnolOgica Explora 2019-2022,2019,2019,PAR ATACAMA,MULTIDISCIPLINARIO,,NO APLICA,24,PERSONA JURIDICA,ADOLFO GALAZ ESQUIVEL,HOMBRE,UNIVERSIDAD DE ATACAMA,NORTE,03. ATACAMA,250000,
3190208,34436,PROYECTOS DE INVESTIGACION,FONDECYT,POSTDOCTORADO,POSTDOCTORADO,2019,2019,"METODOS DE KRYLOV PARA PROBLEMAS POLINOMIALES Y RACIONALES DE AUTOVALORES CON MATRICES DE GRAN TAMAÃ‘O, Y ANALISIS DE ESTABILIDAD REGRESIVA",CIENCIAS NATURALES,MATEMATICAS,MATEMATICAS,35,PERSONA NATURAL,ANDRES JAVIER GONZALEZ PIZARRO,HOMBRE,UNIVERSIDAD CATOLICA DEL NORTE,NORTE,02. ANTOFAGASTA,79986,
3190231,34440,PROYECTOS DE INVESTIGACION,FONDECYT,POSTDOCTORADO,POSTDOCTORADO,2019,2019,Galactic Evolution and Chemical Tagging with Open Clusters and Stellar Pairs,CIENCIAS NATURALES,ASTRONOMIA,"ASTRON.,COSMOL.Y PAR",SIN INFORMACION,PERSONA NATURAL,Bala Sudhakara Reddy Arumalla,HOMBRE,UNIV.DE ANTOFAGASTA,NORTE,02. ANTOFAGASTA,,SIN INFORMACION
3190500,34522,PROYECTOS DE INVESTIGACION,FONDECYT,POSTDOCTORADO,POSTDOCTORADO,2019,2019,"SINTESIS, ESTRUCTURA Y PROPIEDADES, LUMINISCENTES, TERMICAS, ELECTRONICAS DE POLIMEROS DE COORDINACION DE ZN2+ Y CD2+, BASADOS EN NUEVOS LIGANDOS DERIVADOS DE TRIAZOL/DICETONATOS.",CIENCIAS NATURALES,QUIMICA 1,QUIMICA 1,35,PERSONA NATURAL,ERICK JONATHAN CISTERNA GARCIA,HOMBRE,UNIVERSIDAD DE ANTOFAGASTA,NORTE,02. ANTOFAGASTA,79986,
3190561,34552,PROYECTOS DE INVESTIGACION,FONDECYT,POSTDOCTORADO,POSTDOCTORADO,2019,2019,The role of AGN and star-formation outflows in galaxy evolution,CIENCIAS NATURALES,ASTRONOMIA,"ASTRON.,COSMOL.Y PAR",SIN INFORMACION,PERSONA NATURAL,Guilherme dos Santos Couto,HOMBRE,UNIV.DE ANTOFAGASTA,NORTE,02. ANTOFAGASTA,,SIN INFORMACION
3190566,34554,PROYECTOS DE INVESTIGACION,FONDECYT,POSTDOCTORADO,POSTDOCTORADO,2019,2019,ESTRATEGIAS DE EXPLOTACION DE CAMELIDOS Y CAMBIO CLIMATICO EN LA PUNA DE ATACAMA DURANTE EL HOLOCENO TARDIO: EL APORTE DEL ANALISIS ISOTOPICO SECUENCIAL,CIENCIAS SOCIALES,ANTROP. Y ARQUE,ANTROP. Y ARQUE,35,PERSONA NATURAL,TAMARA CELESTE SAMEC,MUJER,UNIVERSIDAD DE ANTOFAGASTA,NORTE,02. ANTOFAGASTA,54824,
3190744,34608,PROYECTOS DE INVESTIGACION,FONDECYT,POSTDOCTORADO,POSTDOCTORADO,2019,2019,EFFECT OF GLYPHOSATE ON THE ESTROGEN RECEPTOR ACTIVITY IN HUMAN MAMMARY CELLS,CIENCIAS NATURALES,BIOLOGIA 3,BIOLOGIA 3,35,PERSONA NATURAL,PABLO JUAN MUÃ‘OZ BARRERA,HOMBRE,UNIVERSIDAD DE TARAPACA,NORTE,15. ARICA Y PARINACOTA,79986,
3190769,34617,PROYECTOS DE INVESTIGACION,FONDECYT,POSTDOCTORADO,POSTDOCTORADO,2019,2019,STELLAR POPULATIONS IN NEARBY GALAXIES: A PANCHROMATIC APPROACH,CIENCIAS NATURALES,"ASTRON.,COSMOL.Y PAR","ASTRON.,COSMOL.Y PAR",35,PERSONA NATURAL,NATACHA ZANON DAMETTO,MUJER,UNIVERSIDAD DE ANTOFAGASTA,NORTE,02. ANTOFAGASTA,82986,
3190786,34619,PROYECTOS DE INVESTIGACION,FONDECYT,POSTDOCTORADO,POSTDOCTORADO,2019,2019,CARACTERIZACION DE LOS ROLES DE ABSORCION QUIMICA VERSUS INGESTA BIOLOGICA DE METALES PESADOS EN ESPECIES DE UNA CUENCA DE UN RIO ALTAMENTE CONTAMINADO,CIENCIAS NATURALES,QUIMICA 2,QUIMICA 2,35,PERSONA NATURAL,ANDRES PABLO PEREZ VILLALOBOS,HOMBRE,UNIVERSIDAD DE ANTOFAGASTA,NORTE,02. ANTOFAGASTA,79806,
3190821,34629,PROYECTOS DE INVESTIGACION,FONDECYT,POSTDOCTORADO,POSTDOCTORADO,2019,2019,MICROBIAL-MINERAL INTERACTIONS FROM SALINE BASINS IN NORTHERN CHILE: IMPLICATIONS FOR THE PRECIPITATION OF GYPSUM AND OTHER EVAPORITES.,CIENCIAS NATURALES,CS. DE LA TIERRA,CS. DE LA TIERRA,35,PERSONA NATURAL,OSCAR CABESTRERO ARANDA,HOMBRE,UNIVERSIDAD CATOLICA DEL NORTE,NORTE,02. ANTOFAGASTA,80686,
ED230112,34681,NO APLICA,EXPLORA,PROYECTOS DE DIVULGACION Y VALORACION DE LA CIENCIA Y LA TECNOLOGIA,XXIII CONCURSO NACIONAL DE PROYECTOS EXPLORA PARA ELABORACION DE PRODUCTOS DE DIVULGACION DE LAS CIENCIAS Y LA TECNOLOGIA 2019-2020,2019,2019,EXPLORADORES DE LA BIODIVERSIDAD DE LA PUNA,CIENCIAS NATURALES,CIENCIAS DEL MEDIO AMBIENTE,NO APLICA,12,PERSONA NATURAL,Daniela fullerton,MUJER,Daniela Fullerton Moreno,NORTE,15. ARICA Y PARINACOTA,29780,
REDES190172,34758,REC,PCI,REDES INTERNACIONALES - REDES,APOYO A LA FORMACION DE REDES INTERNACIONALES ENTRE CENTROS DE INVESTIGACION CONVOCATORIA 2019,2019,2019,International Research Network on Contemporary Archaeology Studies in the Atacama Desert,HUMANIDADES,ARQUEOLOGIA,NO APLICA,24,PERSONA JURIDICA,Valentina Figueroa,MUJER,UNIVERSIDAD CATOLICA DEL NORTE,NORTE,02. ANTOFAGASTA,16000,
1190056,34801,PROYECTOS DE INVESTIGACION,FONDECYT,REGULAR,REGULAR,2019,2019,THE BOUNDARIES OF GENDER VIOLENCE: WOMAN MIGRANT EXPERIENCES IN SOUTH AMERICAN BORDER TERRITORIES,CIENCIAS SOCIALES,ANTROP. Y ARQUE,ANTROP. Y ARQUE,"43,1",PERSONA NATURAL,MENARA LUBE GUIZARDI,MUJER,UNIVERSIDAD DE TARAPACA,NORTE,15. ARICA Y PARINACOTA,253318,
1190142,34831,PROYECTOS DE INVESTIGACION,FONDECYT,REGULAR,REGULAR,2019,2019,LINEAR CONTROL SYSTEMS ON LIE GROUPS. GEOMETRIC AND DYNAMIC RELATED TOPICS,CIENCIAS NATURALES,MATEMATICAS,MATEMATICAS,"43,1",PERSONA NATURAL,VICTOR AYALA BRAVO,HOMBRE,UNIVERSIDAD DE TARAPACA,NORTE,15. ARICA Y PARINACOTA,100504,
1190197,34845,PROYECTOS DE INVESTIGACION,FONDECYT,REGULAR,REGULAR,2019,2019,"OCUPACIONES HUMANAS Y PAISAJES DE ALTURA. MARCO PALEOAMBIENTAL Y GEOARQUEOLOGICO DURANTE EL POBLAMIENTO HUMANO INICIAL EN LA PUNA MERIDIONAL DEL DESIERTO DE ATACAMA (26-28Â°S, 3.200-4.500 MSNM)",CIENCIAS SOCIALES,ANTROP. Y ARQUE,ANTROP. Y ARQUE,"43,1",PERSONA NATURAL,PATRICIO LOPEZ MENDOZA,HOMBRE,MUSEO DE HIST.NATURAL Y CULT.DEL DESIERT,NORTE,03. ATACAMA,249433,
1190240,34860,PROYECTOS DE INVESTIGACION,FONDECYT,REGULAR,REGULAR,2019,2019,"APEGO ADULTO, HOMOFOBIA INTERNALIZADA Y CALIDAD DE LA RELACION EN PAREJAS DEL MISMO SEXO EN CHILE",CIENCIAS SOCIALES,PSICOLOGIA,SICOLOGIA,"43,1",PERSONA NATURAL,MONICA GUZMAN GONZALEZ,MUJER,UNIVERSIDAD CATOLICA DEL NORTE,NORTE,02. ANTOFAGASTA,154585,
1190263,34871,PROYECTOS DE INVESTIGACION,FONDECYT,REGULAR,REGULAR,2019,2019,"COLORES, POLVOS Y MINAS DEL PERIODO INTERMEDIO TARDIO. BIOGRAFIAS PIGMENTARIAS DEL DESIERTO DE ATACAMA.",CIENCIAS SOCIALES,ANTROP. Y ARQUE,ANTROP. Y ARQUE,"43,1",PERSONA NATURAL,MARCELA SEPULVEDA RETAMAL,MUJER,UNIVERSIDAD DE TARAPACA,NORTE,15. ARICA Y PARINACOTA,232228,
1190303,34883,PROYECTOS DE INVESTIGACION,FONDECYT,REGULAR,REGULAR,2019,2019,EL IMPULSO ENDOGENO INICIAL DEL CICLO DEL SALITRE. LAS CLAVES TARAPAQUEÃ‘AS DE LA TRANSFORMACION DEL DESIERTO DE ATACAMA (1830-1872).,HUMANIDADES,HISTORIA,HISTORIA,"43,1",PERSONA NATURAL,SERGIO GONZALEZ MIRANDA,HOMBRE,UNIVERSIDAD DE TARAPACA,NORTE,01. TARAPACA,171828,
1190577,34957,PROYECTOS DE INVESTIGACION,FONDECYT,REGULAR,REGULAR,2019,2019,ROLE OF THE TRANSCRIPTION FACTOR NRF2 IN THE RESISTANCE OF MCF-7 BREAST CANCER CELLS TO SELECTED ANTITUMOR DRUGS.,CIENCIAS NATURALES,BIOLOGIA 3,BIOLOGIA 3,"43,1",PERSONA NATURAL,PEDRO BUC CALDERON,HOMBRE,UNIVERSIDAD ARTURO PRAT,NORTE,01. TARAPACA,192412,
1190721,35000,PROYECTOS DE INVESTIGACION,FONDECYT,REGULAR,REGULAR,2019,2019,"""EFFECT OF THE POLYETHYLENE GLYCOL-COATED ON THE MULTIFERROIC PROPERTIES OF PEROVSKITE-LIKE COMPOUNDS""",CIENCIAS NATURALES,QUIMICA 1,QUIMICA 1,"43,1",PERSONA NATURAL,SANDRA FUENTES VILLALOBOS,MUJER,UNIVERSIDAD CATOLICA DEL NORTE,NORTE,02. ANTOFAGASTA,165412,
1190822,35031,PROYECTOS DE INVESTIGACION,FONDECYT,REGULAR,REGULAR,2019,2019,"ADOLESCENCIA Y SEXUALIDAD. CONSTRUCCION SOCIOCULTURAL DE LA HOMOSEXUALIDAD Y EL HOMOEROTISMO EN ADOLESCENTES VARONES, AYMARA Y NO AYMARAS DEL NORTE DE CHILE.",CIENCIAS SOCIALES,ANTROP. Y ARQUE,ANTROP. Y ARQUE,"43,1",PERSONA NATURAL,ANA CARRASCO GUTIERREZ,MUJER,UNIVERSIDAD DE TARAPACA,NORTE,15. ARICA Y PARINACOTA,94623,
1191162,35125,PROYECTOS DE INVESTIGACION,FONDECYT,REGULAR,REGULAR,2019,2019,DO MINING TAX WINDFALLS CROWD-OUT OTHER LOCAL REVENUES? EVIDENCE FROM CHILE,CIENCIAS SOCIALES,CS. ECONOM/ADMI,CS. ECONOM/ADMI,"43,1",PERSONA NATURAL,DUSAN PAREDES ARAYA,HOMBRE,UNIVERSIDAD CATOLICA DEL NORTE,NORTE,02. ANTOFAGASTA,80160,
1191317,35165,PROYECTOS DE INVESTIGACION,FONDECYT,REGULAR,REGULAR,2019,2019,EL ROL DE LA DIVERSIDAD CULTURAL EN LA FORMACION DE PROFESORES EN LAS INSTITUCIONES DE EDUCACION SUPERIOR DEL NORTE GRANDE DE CHILE,CIENCIAS SOCIALES,EDUCACION,EDUCACION,"43,1",PERSONA NATURAL,CARLOS MONDACA ROJAS,HOMBRE,UNIVERSIDAD DE TARAPACA,NORTE,15. ARICA Y PARINACOTA,83360,
1191347,35174,PROYECTOS DE INVESTIGACION,FONDECYT,REGULAR,REGULAR,2019,2019,DEVELOPMENT OF NEW HIGH PERFORMANCE NANOSTRUCTURED MATERIALS FOR LITHIUM ION BATTERIES DOPED WITH ELEMENTS OBTAINED FROM WASTE MATERIALS FROM THE SALAR DE ATACAMA AND OTHER INDUSTRIAL MINERALS,INGENIERIA Y TECNOLOGIA,INGENIERIA 1,INGENIERIA 1,"43,1",PERSONA NATURAL,MARIO GRAGEDA ZEGARRA,HOMBRE,UNIVERSIDAD DE ANTOFAGASTA,NORTE,02. ANTOFAGASTA,191762,
1191452,35197,PROYECTOS DE INVESTIGACION,FONDECYT,REGULAR,REGULAR,2019,2019,USING STABLE ISOTOPE VALUES OF PRE-HISTORICAL (SHELL MIDDEN) AND CONTEMPORARY MARINE CONSUMERS TO CHARACTERISE CHANGE AND THE RELATIVE ROLE OF NATURAL AND ANTHROPOGENIC DISTURBANCE IN COASTAL FOOD WEBS OVER 13 000 YEARS,CIENCIAS NATURALES,BIOLOGIA 1,BIOLOGIA 1,"43,1",PERSONA NATURAL,CHRISTOPHER HARROD,HOMBRE,UNIVERSIDAD DE ANTOFAGASTA,NORTE,02. ANTOFAGASTA,248680,
1191477,35202,PROYECTOS DE INVESTIGACION,FONDECYT,REGULAR,REGULAR,2019,2019,AUTOPOIESIS Y ENERGIA LIBRE: UN VIAJE HACIA LAS RAICES BIOLOGICAS Y TERMODINAMICAS DE LA COGNICION,HUMANIDADES,FILOSOFIA,FILOSOFIA,"43,1",PERSONA NATURAL,MARIO VILLALOBOS KIRMAYR,HOMBRE,UNIVERSIDAD DE TARAPACA,NORTE,15. ARICA Y PARINACOTA,73844,
1191729,35262,PROYECTOS DE INVESTIGACION,FONDECYT,REGULAR,REGULAR,2019,2019,DELIMITACION DE REGIMENES DE RESPONSABILIDAD CIVIL. ELEMENTOS Y FACTORES A CONSIDERAR PARA UNA PARCIAL UNIFICACION,CIENCIAS SOCIALES,CS. JURIDICAS Y POL.,CS. JURIDICAS Y POL.,"43,1",PERSONA NATURAL,CRISTIAN AEDO BARRENA,HOMBRE,UNIVERSIDAD CATOLICA DEL NORTE,NORTE,02. ANTOFAGASTA,67080,
1191817,35281,PROYECTOS DE INVESTIGACION,FONDECYT,REGULAR,REGULAR,2019,2019,"POR LOS SENDEROS DEL INDIO. REDES VIALES, ECONOMIAS E INTERACCIONES SOCIOCULTURALES HISPANO-INDIGENAS DE ARICA Y TACNA (SIGLOS XVI-XVIII)",CIENCIAS SOCIALES,ANTROP. Y ARQUE,ANTROP. Y ARQUE,"43,1",PERSONA NATURAL,CARLOS CHOQUE MARIÃ‘O,HOMBRE,UNIVERSIDAD DE TARAPACA,NORTE,15. ARICA Y PARINACOTA,126460,
1191869,35289,PROYECTOS DE INVESTIGACION,FONDECYT,REGULAR,REGULAR,2019,2019,"RITOS ANDINOS, MUSICALIZACION Y TEATRALIDADES. EL DRAMA DE LA CHILENIZACION EN LAS COMUNIDADES AYMARAS DEL NORTE DE CHILE.",HUMANIDADES,ARTES Y ARQUITECTURA,ARTES Y ARQUITECTURA,"43,1",PERSONA NATURAL,LUIS GALDAMES ROSAS,HOMBRE,UNIVERSIDAD DE TARAPACA,NORTE,15. ARICA Y PARINACOTA,65720,
1191920,35299,PROYECTOS DE INVESTIGACION,FONDECYT,REGULAR,REGULAR,2019,2019,ALIADOS EN CONFLICTO: PERU Y BOLIVIA EN LOS ALBORES DE LA GUERRA DEL PACIFICO (1847-1879),HUMANIDADES,HISTORIA,HISTORIA,"43,1",PERSONA NATURAL,CARLOS DONOSO ROJAS,HOMBRE,UNIVERSIDAD DE TARAPACA,NORTE,15. ARICA Y PARINACOTA,74899,
PAI77190056,35325,REC,PAI,SUBVENCION A LA INSTALACION EN LA ACADEMIA,CONVOCATORIA NACIONAL SUBVENCION A LA INSTALACION EN LA ACADEMIA AÃ‘O 2019,2019,2019,IMPLEMENTACION DE UN LABORATORIO DE INVESTIGACION BASICA Y APLICADA EN MATERIALES Y MINERALES (LIBAM),CIENCIAS NATURALES,,NO APLICA,36,PERSONA JURIDICA,MAURICIO JAVIER MOREL ESCOBAR,HOMBRE,U DE ATACAMA,NORTE,03. ATACAMA,181998,
T7819110004,35347,REC,PAI,TESIS,CONCURSO NACIONAL TESIS DE DOCTORADO EN EL SECTOR PRODUCTIVO CONVOCATORIA 2019,2019,2019,PRONOSTICO DE CORTO PLAZO DE ZONAS DE PESCA DE ANCHOVETA (ENGRAULIS RINGENS) EN EL NORTE DE CHILE.,CIENCIAS NATURALES,,NO APLICA,24,PERSONA JURIDICA,ELIER ARMAS LORENZO,HOMBRE,UNIVERSIDAD DE CONCEPCION,NORTE,01. TARAPACA,35370,
T7819120006,35353,REC,PAI,TESIS,"Tesis de Doctorado en el Sector Productivo 2019, Modalidad 1 Tesis de Doctorado 2da Convocatoria",2019,2019,"Efecto de la suplementaciOn con taurina en dietas de Seriola lalandi, en condiciones subOptimas de temperatura de cultivo",MULTIDISCIPLINARIO,MULTIDIMENSIONAL,NO APLICA,24,PERSONA JURIDICA,Roberto Edmundo Avila Palape,HOMBRE,Universidad de Chile,NORTE,15. ARICA Y PARINACOTA,24846,
C104F-970004,35374,REC,ASTRONOMIA,TIEMPO DE OBSERVACION APEX-B,Tiempo de Telescopio APEX 2019-B,2019,2019,REVEALING THE ONGOING FORMATION OF COUNTER ROTATING DISC IN NGC1366,CIENCIAS NATURALES,,NO APLICA,6,PERSONA NATURAL,LORENZO MORELLI,HOMBRE,UNIVERSIDAD DE ATACAMA,NORTE,03. ATACAMA,,SIN INFORMACION
VIU19P0002,35426,INVESTIGACION APLICADA,FONDEF,VIU - Etapa 1,NOVENO CONCURSO VIU - ETAPA 1,2019,2019,TELEDETECCION TEMPRANA HIDROQUIMICA DE CUERPOS DE AGUA SUPERFICIAL PARA LA CARACTERIZACION DE LOS RECURSOS HIDRICOS AGRICOLAS EN ZONAS ARIDAS.,CIENCIAS NATURALES,ENERGIA Y AGUAS,NO APLICA,3,PERSONA JURIDICA,BRUNO SEPULVEDA MANRIQUE,HOMBRE,UNIVERSIDAD DE ATACAMA,NORTE,03. ATACAMA,2000,
VIU19P0003,35427,INVESTIGACION APLICADA,FONDEF,VIU - Etapa 1,NOVENO CONCURSO VIU - ETAPA 1,2019,2019,"ENJUAGUE BUCAL ELABORADO EN BASE A RESINA EXTRAIDA DEL ARBOL SCHINUS MOLLE, PARA DISMINUIR EL EFECTO DE AGENTES BACTERIANOS DENTALES.",CIENCIAS MEDICAS Y DE LA SALUD,SALUD,NO APLICA,3,PERSONA JURIDICA,DANIELA MEDINA MENDEZ,MUJER,UNIVERSIDAD DE ATACAMA,NORTE,03. ATACAMA,2000,
VIU19P0170,35486,INVESTIGACION APLICADA,FONDEF,VIU - Etapa 1,NOVENO CONCURSO VIU - ETAPA 1,2019,2019,"IMPLEMENTACION DE UN INNOVADOR PROCESO DE LIXIVIACION BIOLOGICA, QUE PERMITE MEJORAR CONSIDERABLEMENTE LA RECUPERACION DE COBRE, DESDE MINERAL SULFURADO EN LAS MINERAS DE LA REGION DE ANTOFAGASTA.",INGENIERIA Y TECNOLOGIA,MINERIA,NO APLICA,3,PERSONA JURIDICA,NADAC REALES DEL CANTO,MUJER,UNIVERSIDAD DE ANTOFAGASTA,NORTE,02. ANTOFAGASTA,2000,
viu18e0021,35500,INVESTIGACION APLICADA,FONDEF,VIU - Etapa 2 Bases 4091/2018 Octava Convocatoria RenovaciOn 2019,OCTAVO CONCURSO VIU - ETAPA 2,2019,2019,OPTIMIZACION Y VALIDACION COMERCIAL DE UN PRODUCTO ALIMENTICIO FUNCIONAL PROVENIENTE DE LA APLICACION DE PROCESOS BIOTECNOLOGICOS ACUICOLAS Y DE LA AGROINDUSTRIA.,CIENCIAS AGRICOLAS,ALIMENTOS FUNCIONALES,NO APLICA,12,PERSONA JURIDICA,AYLIN SANTELICES CORTES,MUJER,UNIVERSIDAD ARTURO PRAT,NORTE,01. TARAPACA,24000,
viu18e0097,35520,INVESTIGACION APLICADA,FONDEF,VIU - Etapa 2 Bases 4091/2018 Octava Convocatoria RenovaciOn 2019,OCTAVO CONCURSO VIU - ETAPA 2,2019,2019,DIVERSIFICACION PRODUCTIVA DEL OREGANO DE LA PRECORDILLERA DE LA COMUNA DE PUTRE: UTILIZACION DEL OREGANO PARA EL DESARROLLO DE PROTOTIPOS DE ACEITES COMESTIBLES SABORIZADOS,CIENCIAS AGRICOLAS,ALIMENTOS FUNCIONALES,NO APLICA,12,PERSONA JURIDICA,DANIEL BURTON VILLALOBOS,HOMBRE,UNIVERSIDAD DE TARAPACA,NORTE,01. TARAPACA,24000,
viu18e0145,35530,INVESTIGACION APLICADA,FONDEF,VIU - Etapa 2 Bases 4091/2018 Octava Convocatoria RenovaciOn 2019,OCTAVO CONCURSO VIU - ETAPA 2,2019,2019,"PRODUCCION DE BIOMASA Y PIGMENTOS ANTIOXIDANTES DE MICROORGANISMOS
 HALOFILOS EXTREMOS COMO ADITIVO ALIMENTARIO.",CIENCIAS AGRICOLAS,ALIMENTOS FUNCIONALES,NO APLICA,12,PERSONA JURIDICA,DANIEL ANDRADE HIDALGO,HOMBRE,UNIVERSIDAD DE ANTOFAGASTA,NORTE,02. ANTOFAGASTA,24000,
EQY200021,35538,CENTROS,FONDEQUIP,Concurso de Equipamiento CientIfico y TecnolOgico Mayor,I CONCURSO DE EQUIPAMIENTO CIENTIFICO Y TECNOLOGICO MAYOR,2019,2020,"PLATFORM FOR STANDARDIZATION, CHARACTERIZATION AND CALIBRATION OF ENVIRONMENTAL AIR AND WATER DIAGNOSES",CIENCIAS NATURALES,,NO APLICA,60,PERSONA JURIDICA,CAMILO RODRIGUEZ BELTRAN,HOMBRE,UNIVERSIDAD DEL DESARROLLO,NORTE,01. TARAPACA,"601431,695",
EQY200033,35540,CENTROS,FONDEQUIP,Concurso de Equipamiento CientIfico y TecnolOgico Mayor,I CONCURSO DE EQUIPAMIENTO CIENTIFICO Y TECNOLOGICO MAYOR,2019,2020,SISTEMA INTEGRADO DE OBSERVACION DEL OCEANO PROFUNDO PARA LA INVESTIGACION EN GEOCIENCIAS (INTEGRATED DEEP-OCEAN OBSERVING SYSTEM FOR GEOSCIENCE RESEARCH: IDOOS),CIENCIAS NATURALES,,NO APLICA,60,PERSONA JURIDICA,MARCOS MORENO SWITT,HOMBRE,INSTITUTO MILENIO DE OCEANOGRAFIA,NORTE,02. ANTOFAGASTA,"933459,445",
EQM200125,35550,CENTROS,FONDEQUIP,Concurso de Equipamiento CientIfico y TecnolOgico Mediano,IX CONCURSO DE EQUIPAMIENTO CIENTIFICO Y TECNOLOGICO MEDIANO,2019,2020,"INVESTIGACION CIENTIFICA ESPECIALIZADA EN LA DETERMINACION Y ESPECIACION DE METALES Y METALOIDES EN DIVERSAS MATRICES, MEDIANTE UN SISTEMA DE ESPECIACION ACOPLADO A UN ESPECTROMETRO DE MASAS (ICP-MS) PARA FORTALECER LA INVESTIGACION COLABORATIVA EN LA UCN",CIENCIAS NATURALES,QUIMICA ANALITICA,NO APLICA,42,PERSONA JURIDICA,LUIS ROJAS ARAYA,HOMBRE,UNIVERSIDAD CATOLICA DEL NORTE,NORTE,02. ANTOFAGASTA,"371943,483",
FP200005,35690,REC,INFORMACION CIENTIFICA,FPRC,FONDO DE PUBLICACION DE REVISTAS CIENTIFICAS 2020,2019,2020,DESARROLLO E IMPLEMENTACION DE UN SISTEMA DE GESTION CENTRALIZADO PARA AUMENTAR LA VISIBILIDAD E IMPACTO DE LAS REVISTAS DE CIENCIAS APLICADAS DE LA UNIVERSIDAD DE TARAPACA,SIN INFORMACION,,NO APLICA,24,PERSONA JURIDICA,PILAR MAZUELA AGUILA,MUJER,UNIVERSIDAD DE TARAPACA,NORTE,15. ARICA Y PARINACOTA,"45665,776",
ID20I10056,35704,INVESTIGACION APLICADA,FONDEF,IDeA - I+D,CONCURSO IDEA I+D 2020,2019,2020,"DESARROLLO DE UN PROTOTIPO MEJORADO DE LA PRUEBA INMUNOCROMATOGRAFICA RAPIDA (LOXO-TEST) PARA LA DETECCION TEMPRANA DEL LOXOSCELISMO PRESENTE EN CHILE, ARGENTINA, BRASIL Y PERU.",CIENCIAS MEDICAS Y DE LA SALUD,,NO APLICA,24,PERSONA JURIDICA,JORGE ARAYA ROJAS,HOMBRE,UNIVERSIDAD DE ANTOFAGASTA,NORTE,02. ANTOFAGASTA,199094,
ID20I10085,35713,INVESTIGACION APLICADA,FONDEF,IDeA - I+D,CONCURSO IDEA I+D 2020,2020,2020,DESARROLLO DE UN PRODUCTO MITIGADOR DE FLORACIONES ALGALES NOCIVAS (FANS) A BASE DE SOBRENADANTES ALGUICIDAS DE DIATOMEAS Y BACTERIAS NATIVAS,MULTIDISCIPLINARIO,,NO APLICA,24,PERSONA JURIDICA,CARLOS RIQUELME SALAMANCA,HOMBRE,UNIVERSIDAD DE ANTOFAGASTA,NORTE,02. ANTOFAGASTA,200000,
ID20I10238,35741,INVESTIGACION APLICADA,FONDEF,IDeA - I+D,CONCURSO IDEA I+D 2020,2020,2020,"CULTIVO MULTITROFICO INTEGRADO DE OSTION DEL NORTE (ARGOPECTEN PURPURATUS) Y CHICOREA DE MAR (CHONDRACANTHUS CHAMISSOI), COMO HERRAMIENTA PARA EL DESARROLLO DE UNA ACUICULTURA SUSTENTABLE QUE FORTALEZCA LA ADAPTACION AL CAMBIO CLIMATICO",MULTIDISCIPLINARIO,,NO APLICA,24,PERSONA JURIDICA,JUAN MACCHIAVELLO ARMENGOL,HOMBRE,UNIVERSIDAD CATOLICA DEL NORTE,NORTE,02. ANTOFAGASTA,197988,
ID20I10242,35742,INVESTIGACION APLICADA,FONDEF,IDeA - I+D,CONCURSO IDEA I+D 2020,2020,2020,PLANTEL DE REPRODUCTORES DE MULATA (GRAUS NIGRA) PARA LA OBTENCION DE HUEVOS Y LARVAS COMO BASE PARA NUEVOS EMPRENDIMIENTOS ACUICOLAS EN LA ZONA NORTE DEL PAIS.,CIENCIAS NATURALES,,NO APLICA,24,PERSONA JURIDICA,GERMAN BUENO GALAZ,HOMBRE,UNIVERSIDAD ARTURO PRAT,NORTE,01. TARAPACA,199897,
11200025,35811,PROYECTOS DE INVESTIGACION,FONDECYT,INICIACION,FONDECYT DE INICIACION EN INVESTIGACION 2020,2020,2020,GRAVITATIONAL INSTANTONS BEYOND GENERAL RELATIVITY,CIENCIAS NATURALES,CIENCIAS FISICAS,"ASTRON.,COSMOL.Y PAR",36,PERSONA NATURAL,CRISTOBAL CORRAL BADIOLA,HOMBRE,UNIVERSIDAD ARTURO PRAT,NORTE,01. TARAPACA,60240,
11200048,35819,PROYECTOS DE INVESTIGACION,FONDECYT,INICIACION,FONDECYT DE INICIACION EN INVESTIGACION 2020,2020,2020,LA DISOLUCION POR CAUSA GRAVE DE SOCIEDADES DE CAPITAL CERRADAS: REGIMEN ESPECIAL DE UN REMEDIO AL CONFLICTO SOCIETARIO,CIENCIAS SOCIALES,DERECHO,CS. JURIDICAS Y POL.,36,PERSONA NATURAL,PABLO MANTEROLA DOMINGUEZ,HOMBRE,UNIVERSIDAD CATOLICA DEL NORTE,NORTE,02. ANTOFAGASTA,39660,
11200093,35835,PROYECTOS DE INVESTIGACION,FONDECYT,INICIACION,FONDECYT DE INICIACION EN INVESTIGACION 2020,2020,2020,DEVELOPMENT OF NEW EXTREME BIOPRODUCTS FOR ARICA AND PARINACOTA REGION,CIENCIAS AGRICOLAS,BIOTECNOLOGIA AGRICOLA,AGRONOMIA,36,PERSONA NATURAL,PATRICIO MUÃ‘OZ TORRES,HOMBRE,UNIVERSIDAD DE TARAPACA,NORTE,15. ARICA Y PARINACOTA,100818,
11200160,35852,PROYECTOS DE INVESTIGACION,FONDECYT,INICIACION,FONDECYT DE INICIACION EN INVESTIGACION 2020,2020,2020,"LA COSTUMBRE INDIGENA EN LA JUDICIALIZACION DE LOS CONFLICTOS DE LA POBLACION AYMARA EN EL NORTE DE CHILE, SU APLICACION DESDE UNA PERSPECTIVA TELEOLOGICA EN EL SISTEMA JURIDICO NACIONAL.",CIENCIAS SOCIALES,DERECHO,CS. JURIDICAS Y POL.,36,PERSONA NATURAL,ALVARO ESPINOZA COLLAO,HOMBRE,UNIVERSIDAD DE TARAPACA,NORTE,15. ARICA Y PARINACOTA,36696,
11200208,35864,PROYECTOS DE INVESTIGACION,FONDECYT,INICIACION,FONDECYT DE INICIACION EN INVESTIGACION 2020,2020,2020,OPTIMAL CONTROL PROBLEMS RELATED TO CHEMO-REPULSION SYSTEMS,CIENCIAS NATURALES,MATEMATICAS,MATEMATICAS,36,PERSONA NATURAL,EXEQUIEL MALLEA ZEPEDA,HOMBRE,UNIVERSIDAD DE TARAPACA,NORTE,15. ARICA Y PARINACOTA,45840,
11200212,35867,PROYECTOS DE INVESTIGACION,FONDECYT,INICIACION,FONDECYT DE INICIACION EN INVESTIGACION 2020,2020,2020,OCUPACION DE LOS HUMEDALES ALTOANDINOS POR LOS CAZADORES-RECOLECTORES DEL PERIODO ARCAICO DEL EXTREMO NORTE DE CHILE.,CIENCIAS NATURALES,CIENCIAS DE LA TIERRA Y DEL MEDIO AMBIENTE,ANTROP. Y ARQUE,36,PERSONA NATURAL,SITZIA LUCA,HOMBRE,UNIVERSIDAD DE TARAPACA,NORTE,15. ARICA Y PARINACOTA,95534,
11200244,35874,PROYECTOS DE INVESTIGACION,FONDECYT,INICIACION,FONDECYT DE INICIACION EN INVESTIGACION 2020,2020,2020,ABRIR Y CERRAR FRONTERAS: ANALISIS DE LA SECURITIZACION EN LA REGION DE TARAPACA (2010-2020) Y SU IMPACTO EN LA CONSTRUCCION DE LA IRREGULARIDAD MIGRATORIA.,CIENCIAS SOCIALES,SOCIOLOGIA,SOCIOLOGIA CS I,36,PERSONA NATURAL,ROMINA RAMOS RODRIGUEZ,MUJER,UNIVERSIDAD ARTURO PRAT,NORTE,01. TARAPACA,64650,
11200286,35887,PROYECTOS DE INVESTIGACION,FONDECYT,INICIACION,FONDECYT DE INICIACION EN INVESTIGACION 2020,2020,2020,"PERTINENCIA CULTURAL EN VIVIENDAS INDIGENAS URBANAS. EL PROCESO DE CRECIMIENTO POR AUTOCONSTRUCCION DE VIVIENDAS SOCIALES PROGRESIVAS EN FAMILIAS AYMARAS EN LA CIUDAD DE ARICA, ENTRE 1990 Y 2020.",HUMANIDADES,OTRAS HUMANIDADES,ARTES Y ARQUITECTURA,36,PERSONA NATURAL,DIEGO GONZALEZ CARRASCO,HOMBRE,PONTIFICIA UNIVERSIDAD CATOLICA DE CHILE,NORTE,02. ANTOFAGASTA,78708,
11200558,35963,PROYECTOS DE INVESTIGACION,FONDECYT,INICIACION,FONDECYT DE INICIACION EN INVESTIGACION 2020,2020,2020,POSTSEISMIC RELAXATION AND RELOCKING IN AND AROUND THE 2014 PISAGUA AND 2015 ILLAPEL CHILEAN SUBDUCTION EARTHQUAKES,CIENCIAS NATURALES,CIENCIAS DE LA TIERRA Y DEL MEDIO AMBIENTE,CS. DE LA TIERRA,36,PERSONA NATURAL,MAHESH SHRIVASTAVA,HOMBRE,UNIVERSIDAD CATOLICA DEL NORTE,NORTE,02. ANTOFAGASTA,47736,
11200564,35966,PROYECTOS DE INVESTIGACION,FONDECYT,INICIACION,FONDECYT DE INICIACION EN INVESTIGACION 2020,2020,2020,"METAL NANOPARTICLES SUPPORTED ON CARBON NANOSTRUCTURES FOR ENERGY
 
 STORAGE APPLICATIONS",INGENIERIA Y TECNOLOGIA,INGENIERIA DE LOS MATERIALES,INGENIERIA 1,36,PERSONA NATURAL,FERNANDO GUZMAN OLIVOS,HOMBRE,UNIVERSIDAD CATOLICA DEL NORTE,NORTE,02. ANTOFAGASTA,99960,
11200618,35984,PROYECTOS DE INVESTIGACION,FONDECYT,INICIACION,FONDECYT DE INICIACION EN INVESTIGACION 2020,2020,2020,"SEISMIC HAZARD IN NORTHERN CHILE FROM
 
 EARTHQUAKE CATALOG VERSUS GNSS STRAIN RATE",INGENIERIA Y TECNOLOGIA,INGENIERIA CIVIL,INGENIERIA 1,36,PERSONA NATURAL,RANJIT DAS,HOMBRE,UNIVERSIDAD CATOLICA DEL NORTE,NORTE,02. ANTOFAGASTA,53773,
11200694,36001,PROYECTOS DE INVESTIGACION,FONDECYT,INICIACION,FONDECYT DE INICIACION EN INVESTIGACION 2020,2020,2020,INSUFICIENCIAS DOGMATICAS A NIVEL PENAL Y LABORAL A PROPOSITO DEL TRABAJO DE MIGRANTES EN CHILE. ANALISIS DEL ARTICULO 411 QUATER DEL CODIGO PENAL Y UNA PROPUESTA DE LEGE FERENDA,CIENCIAS SOCIALES,DERECHO,CS. JURIDICAS Y POL.,36,PERSONA NATURAL,JUAN CASTILLO MORALES,HOMBRE,UNIVERSIDAD CATOLICA DEL NORTE,NORTE,02. ANTOFAGASTA,28392,
11200742,36014,PROYECTOS DE INVESTIGACION,FONDECYT,INICIACION,FONDECYT DE INICIACION EN INVESTIGACION 2020,2020,2020,"CHERN-SIMONS GRAVITY, EXTENDED SYMMETRIES AND THE HOLOGRAPHIC PRINCIPLE",CIENCIAS NATURALES,CIENCIAS FISICAS,"ASTRON.,COSMOL.Y PAR",36,PERSONA NATURAL,OMAR VALDIVIA GUTIERREZ,HOMBRE,UNIVERSIDAD ARTURO PRAT,NORTE,01. TARAPACA,62400,
11200852,36038,PROYECTOS DE INVESTIGACION,FONDECYT,INICIACION,FONDECYT DE INICIACION EN INVESTIGACION 2020,2020,2020,EFFECT OF DIFFERENT CITRUS ROOTSTOCKS ON THE PHYSIOLOGICAL PARAMETERS AND DEFENSES OF THE MANDARIN â€˜W. MURCOTTâ€™ (CITRUS RETICULATA L.) -SCION INFESTED WITH PANONYCHUS CITRI (ACARI: TETRANYCHIDAE).,CIENCIAS AGRICOLAS,"AGRICULTURA, SILVICULTURA, PESCA",AGRONOMIA,36,PERSONA NATURAL,TOMMY RIOJA SOTO,HOMBRE,UNIVERSIDAD ARTURO PRAT,NORTE,01. TARAPACA,92160,
11201128,36117,PROYECTOS DE INVESTIGACION,FONDECYT,INICIACION,FONDECYT DE INICIACION EN INVESTIGACION 2020,2020,2020,SIGNIFICADOS SOBRE LA VIOLENCIA DE GENERO EN LA PAREJA: ESTUDIO CON ORGANIZACIONES AYMARAS DE LA REGION DE TARAPACA,CIENCIAS SOCIALES,SOCIOLOGIA,SOCIOLOGIA CS I,36,PERSONA NATURAL,NANCY ALVAREZ DIAZ,MUJER,UNIVERSIDAD DE TARAPACA,NORTE,15. ARICA Y PARINACOTA,53220,
11201161,36126,PROYECTOS DE INVESTIGACION,FONDECYT,INICIACION,FONDECYT DE INICIACION EN INVESTIGACION 2020,2020,2020,THE VVV OPEN CLUSTER PROJECT,CIENCIAS NATURALES,CIENCIAS FISICAS,"ASTRON.,COSMOL.Y PAR",36,PERSONA NATURAL,KARLA PEÃ‘A RAMIREZ,MUJER,UNIVERSIDAD DE ANTOFAGASTA,NORTE,02. ANTOFAGASTA,68116,
11201240,36144,PROYECTOS DE INVESTIGACION,FONDECYT,INICIACION,FONDECYT DE INICIACION EN INVESTIGACION 2020,2020,2020,NU PHYSICS,CIENCIAS NATURALES,CIENCIAS FISICAS,"ASTRON.,COSMOL.Y PAR",36,PERSONA NATURAL,CESAR BONILLA DIAZ,HOMBRE,UNIVERSIDAD CATOLICA DEL NORTE,NORTE,02. ANTOFAGASTA,66058,
2019/13204-0,36174,REC,PCI,INVESTIGACION CONJUNTA - FAPESP,INVESTIGACION CONJUNTA - FAPESP 2019,2020,2020,"LEFSCHETZ FIBRATIONS, LIE GROUPOIDS AND NONCOMMUTATIVE GEOMETRYÂ",CIENCIAS NATURALES,CIENCIAS EXACTAS,NO APLICA,SIN INFORMACION,PERSONA JURIDICA,ELIZABETH TEREZINHA GASPARIM,MUJER,UNIVERSIDAD CATOLICA DEL NORTE,NORTE,02. ANTOFAGASTA,20000,
2019/13349-8,36182,REC,PCI,INVESTIGACION CONJUNTA - FAPESP,INVESTIGACION CONJUNTA - FAPESP 2019,2020,2020,TECTONO-STRATIGRAPHIC EVOLUTION OF INTER-MONTANE BASINS RELATED TO FOREARC TECTONIC SETTINGS USING THE CHILEAN PRE-ANDEAN DEPRESSION OF THE CENTRAL ANDES AS A CASE STUDYÂ,CIENCIAS NATURALES,CIENCIAS EXACTAS,NO APLICA,SIN INFORMACION,PERSONA JURIDICA,FERNANDO MARTINEZ,HOMBRE,UNIVERSIDAD CATOLICA DEL NORTE,NORTE,02. ANTOFAGASTA,40000,
ecos190044,36202,REC,PCI,MOVILIDAD - ECOS,PROGRAMA DE COOPERACION CIENTIFICA ECOS,2020,2020,"VOLCAN Y CULTURA DEL DESIERTO DE ATACAMA : EL LLULLAILLACO, ESTUDIO PLURIDISCIPLINARIO Y DIACRONICO DESDE LA GEOLOGIA, LA ARQUEOLOGIA Y LA ETNOHISTORIA.",HUMANIDADES,,NO APLICA,36,PERSONA NATURAL,VALENTINA FIGUEROA,MUJER,UNIVERSIDAD CATOLICA DEL NORTE,NORTE,02. ANTOFAGASTA,9280,
PLU200013,36216,REC,INFORMACION CIENTIFICA,PLU,XII CONCURSO DE ESTUDIOS SOBRE PLURALISMO EN EL SISTEMA INFORMATIVO NACIONAL - 2020,2020,2020,COLUMNAS DE OPINION SOBRE EL ESTALLIDO SOCIAL DE OCTUBRE DE 2019 EN CHILE EN LA PRENSA DIGITAL E IMPRESA DE CARACTER NACIONAL Y DE LA CIUDAD DE ANTOFAGASTA,CIENCIAS SOCIALES,,NO APLICA,12,PERSONA JURIDICA,PAMELA ROMERO LIZAMA,MUJER,UNIVERSIDAD CATOLICA DEL NORTE,NORTE,02. ANTOFAGASTA,11200,
3200049,36231,PROYECTOS DE INVESTIGACION,FONDECYT,POSTDOCTORADO,FONDECYT DE POSTDOCTORADO 2020,2020,2020,OUT OF EQUILIBRIUM QUANTUM FIELD THEORETIC ASPECTS OF EARLY UNIVERSE COSMOLOGY,CIENCIAS NATURALES,FISICA DE LA MATERIA CONDENSADA,"ASTRON.,COSMOL.Y PAR",36,PERSONA NATURAL,SAYANTAN CHOUDHURY,HOMBRE,UNIVERSIDAD CATOLICA DEL NORTE,NORTE,02. ANTOFAGASTA,84384,
3200232,36272,PROYECTOS DE INVESTIGACION,FONDECYT,POSTDOCTORADO,FONDECYT DE POSTDOCTORADO 2020,2020,2020,"TRANSITION METAL NITRIDES- AN EMERGING ELECTRODES FOR
 
 NEXT GENERATION SUPERCAPACITORS",INGENIERIA Y TECNOLOGIA,NANOPROCESOS (APLICACIONES A NANOESCALA),INGENIERIA 1,36,PERSONA NATURAL,KIRUTHIGA R,MUJER,UNIVERSIDAD DE ATACAMA,NORTE,03. ATACAMA,84384,
3200247,36276,PROYECTOS DE INVESTIGACION,FONDECYT,POSTDOCTORADO,FONDECYT DE POSTDOCTORADO 2020,2020,2020,PRODUCTION OF EXOTIC HADRONS AND AZIMUTHAL ANISOTROPY OF IDENTIFIED HADRONS IN RELATIVISTIC HEAVY-ION COLLISIONS WITH THE STAR EXPERIMENT AT RHIC,CIENCIAS NATURALES,FISICA DE PARTICULAS Y CAMPOS,"ASTRON.,COSMOL.Y PAR",36,PERSONA NATURAL,VIPUL BAIRATHI,HOMBRE,UNIVERSIDAD DE TARAPACA,NORTE,15. ARICA Y PARINACOTA,84384,
3200370,36306,PROYECTOS DE INVESTIGACION,FONDECYT,POSTDOCTORADO,FONDECYT DE POSTDOCTORADO 2020,2020,2020,SEABIRDS AS BIOVECTORS IN THE TRANSPORT OF PLASTIC DEBRIS ACROSS ECOSYSTEM BORDERS,CIENCIAS NATURALES,"BIOLOGIA MARINA, LIMNOLOGIA",BIOLOGIA 1,36,PERSONA NATURAL,CLAUDIA FERNANDEZ,MUJER,UNIVERSIDAD CATOLICA DEL NORTE,NORTE,02. ANTOFAGASTA,81384,
3200391,36317,PROYECTOS DE INVESTIGACION,FONDECYT,POSTDOCTORADO,FONDECYT DE POSTDOCTORADO 2020,2020,2020,"DESIGN OF ANTITUMORAL PT(II), RU(II) AND IR(III) COMPLEXES OF CHIRAL THIOUREA VEGFR-2 INHIBITING LIGANDS: TARGETING MULTIPLE MODE OF ACTION FOR HUMAN CANCERS",CIENCIAS NATURALES,CIENCIAS QUIMICAS,QUIMICA 1,36,PERSONA NATURAL,HARIBABU J,HOMBRE,UNIVERSIDAD DE ATACAMA,NORTE,03. ATACAMA,84384,
3200626,36381,PROYECTOS DE INVESTIGACION,FONDECYT,POSTDOCTORADO,FONDECYT DE POSTDOCTORADO 2020,2020,2020,METALâ€“ORGANIC FRAMEWORKS (MOFS) AS SORBENT MATERIALS FOR SUSTAINABLE SOCIETY,CIENCIAS NATURALES,QUIMICA INORGANICA Y NUCLEAR,QUIMICA 1,36,PERSONA NATURAL,KHALED HASSANEIN,HOMBRE,UNIVERSIDAD DE ANTOFAGASTA,NORTE,02. ANTOFAGASTA,84384,
3200786,36430,PROYECTOS DE INVESTIGACION,FONDECYT,POSTDOCTORADO,FONDECYT DE POSTDOCTORADO 2020,2020,2020,LITHIUM-JANUS SIO2 BASED NANOFLUIDS AS HEAT TRANSFER MEDIA FOR SENSIBLE HEAT STORAGE,CIENCIAS NATURALES,NANOMATERIALES (PRODUCCION Y PROPIEDADES),QUIMICA 2,36,PERSONA NATURAL,YANIO MILIAN,HOMBRE,UNIVERSIDAD DE ANTOFAGASTA,NORTE,02. ANTOFAGASTA,81384,
3200819,36440,PROYECTOS DE INVESTIGACION,FONDECYT,POSTDOCTORADO,FONDECYT DE POSTDOCTORADO 2020,2020,2020,TOPOLOGICAL CONJUGACY OF DISCRETE-TIME LINEAR SYSTEMS AND ALMOST-RIEMANNIAN GEOMETRY ON LIE GROUPS.,CIENCIAS NATURALES,MATEMATICAS PURAS,MATEMATICAS,36,PERSONA NATURAL,JOÃƒO NAVARRO,HOMBRE,UNIVERSIDAD DE TARAPACA,NORTE,15. ARICA Y PARINACOTA,57256,
3200836,36452,PROYECTOS DE INVESTIGACION,FONDECYT,POSTDOCTORADO,FONDECYT DE POSTDOCTORADO 2020,2020,2020,"LESBIANAS Y HOMOSEXUALES EVANGELICOS: UNA RELACION DIFICIL ENTRE RELIGION, SEXO Y GENERO.",CIENCIAS SOCIALES,OTRAS ESPECIALIDADES DE LA SOCIOLOGIA,SOCIOLOGIA CS I,36,PERSONA NATURAL,ZICRI ORELLANA,MUJER,UNIVERSIDAD ARTURO PRAT,NORTE,01. TARAPACA,81384,
3201031,36506,PROYECTOS DE INVESTIGACION,FONDECYT,POSTDOCTORADO,FONDECYT DE POSTDOCTORADO 2020,2020,2020,"OXOCALCOGENUROS DE FORMULA LNCUOCH (LN= Y, LA; CH=S, SE) DOPADOS CON TIERRAS RARAS (SM, EU, GD) COMO MATERIALES MULTIFUNCIONALES PARA DISPOSITIVOS OPTOELECTRONICOS Y/O CELDAS SOLARES DEL TIPO GRAETZEL.",CIENCIAS NATURALES,CIENCIAS QUIMICAS,QUIMICA 1,36,PERSONA NATURAL,DARIO ESPINOZA,HOMBRE,UNIVERSIDAD CATOLICA DEL NORTE,NORTE,02. ANTOFAGASTA,81384,
3201074,36514,PROYECTOS DE INVESTIGACION,FONDECYT,POSTDOCTORADO,FONDECYT DE POSTDOCTORADO 2020,2020,2020,TRANSPORT OF RAFTING BIOTA ON PLASTIC LITTER IN THE SOUTH-EASTERN PACIFIC,CIENCIAS NATURALES,"BIOLOGIA MARINA, LIMNOLOGIA",BIOLOGIA 1,36,PERSONA NATURAL,SABINE RECH,MUJER,UNIVERSIDAD CATOLICA DEL NORTE,NORTE,02. ANTOFAGASTA,84384,
1200170,36590,PROYECTOS DE INVESTIGACION,FONDECYT,REGULAR,FONDECYT REGULAR 2020,2020,2020,ACTIVE FAULTS OR WEAKNESS ZONES IN THE NORTHERN CHILE FOREARC? UNDERSTANDING THE COMPETITION BETWEEN SUBDUCTION EARTHQUAKE CYCLE AND UPPER PLATE FAULT REACTIVATION IN SUBDUCTION ZONES,CIENCIAS NATURALES,GEOLOGIA,CS. DE LA TIERRA,48,PERSONA NATURAL,GABRIEL GONZALEZ,HOMBRE,UNIVERSIDAD CATOLICA DEL NORTE,NORTE,02. ANTOFAGASTA,161959,
1200275,36628,PROYECTOS DE INVESTIGACION,FONDECYT,REGULAR,FONDECYT REGULAR 2020,2020,2020,CLIMA URBANO Y MEDIO CONSTRUIDO. CUANTIFICACION MULTI-TEMPORAL DEL EFECTO DE LA ISLA DE CALOR Y DE LA FORMA URBANA SOBRE LAS DEMANDAS DE CALEFACCION Y REFRIGERACION DE EDIFICIOS EN CHILE.,CIENCIAS SOCIALES,INGENIERIA ARQUITECTONICA,GEOGRAFIA Y URBANISM,48,PERSONA NATURAL,MASSIMO PALME,HOMBRE,UNIVERSIDAD CATOLICA DEL NORTE,NORTE,02. ANTOFAGASTA,171360,
1200343,36650,PROYECTOS DE INVESTIGACION,FONDECYT,REGULAR,FONDECYT REGULAR 2020,2020,2020,CONTRIBUCION DE LOS PROGRAMAS E INSTRUMENTOS DE AYUDA ESTUDIANTIL A LA REDUCCION DE LAS BRECHAS DE INEQUIDAD EN LAS TRAYECTORIAS ACADEMICAS DE ESTUDIANTES DE UNIVERSIDADES CHILENAS PUBLICAS Y PRIVADAS,CIENCIAS SOCIALES,OTRAS ESPECIALIDADES DE LA EDUCACION,EDUCACION,48,PERSONA NATURAL,OSCAR ESPINOZA,HOMBRE,UNIVERSIDAD DE PLAYA ANCHA DE CIENCIAS DE LA EDUCACION,NORTE,15. ARICA Y PARINACOTA,124356,
1200390,36664,PROYECTOS DE INVESTIGACION,FONDECYT,REGULAR,FONDECYT REGULAR 2020,2020,2020,INTEGRATED GEOCHEMICAL AND MICROBIOLOGICAL ASSESSMENT OF DUST AND SOIL IN INDUSTRIAL SETTINGS OF CHILE: CHARACTERIZATION OF BASELINE CONDITIONS AND ANALYSIS OF CONTAMINANT MOBILITY IN HIGHLY CONTRASTING ENVIRONMENTS,CIENCIAS NATURALES,CIENCIAS DEL MEDIO AMBIENTE,CS. DE LA TIERRA,48,PERSONA NATURAL,JORGE VALDES,HOMBRE,UNIVERSIDAD DE ANTOFAGASTA,NORTE,02. ANTOFAGASTA,161766,
1200423,36672,PROYECTOS DE INVESTIGACION,FONDECYT,REGULAR,FONDECYT REGULAR 2020,2020,2020,HOLOCENE CLIMATIC VARIATIONS AND ENVIRONMENTAL CONDITIONS PROMOTING HIGH METALS CONCENTRATIONS IN ATACAMA DESERT: USE OF BIOGEOCHEMICAL PROXIES ON LACUSTRINE SEDIMENTS,CIENCIAS NATURALES,GEOCIENCIAS,CS. DE LA TIERRA,48,PERSONA NATURAL,ADRIANA ARANGUIZ,MUJER,UNIVERSIDAD CATOLICA DEL NORTE,NORTE,15. ARICA Y PARINACOTA,255894,
1200457,36681,PROYECTOS DE INVESTIGACION,FONDECYT,REGULAR,FONDECYT REGULAR 2020,2020,2020,"""INMIGRANTES ITALIANOS EN UNA REGION EN CONFLICTO: TACNA-ARICA (1880-1929).""",HUMANIDADES,HISTORIA DE CHILE,HISTORIA,48,PERSONA NATURAL,ALFONSO DIAZ,HOMBRE,UNIVERSIDAD DE TARAPACA,NORTE,15. ARICA Y PARINACOTA,105102,
1200610,36730,PROYECTOS DE INVESTIGACION,FONDECYT,REGULAR,FONDECYT REGULAR 2020,2020,2020,HYPOTENSIVE AND ANTIHYPERTENSIVE EFFECTS OF BIOACTIVE MOLECULES ISOLATED OR MODIFIED FROM ENDEMIC MEDICINAL PLANTS FROM THE NORTHERN REGION OF CHILE,CIENCIAS NATURALES,QUIMICA MEDICA,QUIMICA 1,48,PERSONA NATURAL,CLEMENTE PALACIOS,HOMBRE,UNIVERSIDAD ARTURO PRAT,NORTE,01. TARAPACA,141272,
1200633,36735,PROYECTOS DE INVESTIGACION,FONDECYT,REGULAR,FONDECYT REGULAR 2020,2020,2020,REDES Y PATRONES EN LA CREACION DE CONOCIMIENTO EN CIENCIAS SOCIALES Y HUMANIDADES EN LAS UNIVERSIDADES LATINOAMERICANAS: UNA PERSPECTIVA GEOPOLITICA.,CIENCIAS SOCIALES,OTRAS ESPECIALIDADES DE LA EDUCACION,EDUCACION,48,PERSONA NATURAL,CAROLINA GUZMAN,MUJER,UNIVERSIDAD DE CHILE,NORTE,15. ARICA Y PARINACOTA,166923,
1200656,36744,PROYECTOS DE INVESTIGACION,FONDECYT,REGULAR,FONDECYT REGULAR 2020,2020,2020,EMERGING FUNCTION OF ACETYLCHOLINE IN BREAST CARCINOGENESIS: A NOVEL ROLE IN THE ESTROGEN SIGNALING,CIENCIAS NATURALES,OTROS TEMAS DE MEDICINA BASICA,BIOLOGIA 3,48,PERSONA NATURAL,GLORIA CALAF,MUJER,UNIVERSIDAD DE TARAPACA,NORTE,15. ARICA Y PARINACOTA,180068,
1200681,36751,PROYECTOS DE INVESTIGACION,FONDECYT,REGULAR,FONDECYT REGULAR 2020,2020,2020,"VARIABILIDAD CLIMATICA, MERCADO DEL AGUA Y CAMBIOS DE USOS DEL SUELO EN LOS VALLES AGRICOLAS DEL NORTE DE CHILE",CIENCIAS SOCIALES,GEOGRAFIA FISICA,GEOGRAFIA Y URBANISM,48,PERSONA NATURAL,OLIVER MESEGUER,HOMBRE,UNIVERSIDAD DE TARAPACA,NORTE,15. ARICA Y PARINACOTA,110059,
1200785,36772,PROYECTOS DE INVESTIGACION,FONDECYT,REGULAR,FONDECYT REGULAR 2020,2020,2020,EVOLUCION EN INDICADORES DE RECUPERACION EN PACIENTES CON ESQUIZOFRENIA: UN ESTUDIO LONGITUDINAL,CIENCIAS SOCIALES,OTRAS ESPECIALIDADES DE LA PSICOLOGIA,SICOLOGIA,48,PERSONA NATURAL,ALEJANDRA CAQUEO,MUJER,UNIVERSIDAD DE TARAPACA,NORTE,15. ARICA Y PARINACOTA,147527,
1200838,36788,PROYECTOS DE INVESTIGACION,FONDECYT,REGULAR,FONDECYT REGULAR 2020,2020,2020,"DEVELOPMENT OF NEW AG-SNO2-ZNO MATERIALS FOR ELECTRICAL
 
 CONTACT APPLICATIONS BY MECHANICAL ALLOYING, HOT
 
 MECHANOCHEMICAL PROCESSING AND HOT PRESSING.",INGENIERIA Y TECNOLOGIA,INGENIERIA DE LOS MATERIALES,INGENIERIA 1,48,PERSONA NATURAL,DANNY GUZMAN,HOMBRE,UNIVERSIDAD DE ATACAMA,NORTE,03. ATACAMA,149156,
1201054,36848,PROYECTOS DE INVESTIGACION,FONDECYT,REGULAR,FONDECYT REGULAR 2020,2020,2020,"MIGRACIONES Y ZONA FRANCA: EMPRESARIOS, COMERCIANTES Y TRABAJADORES EXTRANJEROS EN LA HISTORIA DE ZOFRI DESDE 1975 HASTA HOY",CIENCIAS SOCIALES,HISTORIA DE CHILE,SOCIOLOGIA CS I,48,PERSONA NATURAL,MARCELA TAPIA,MUJER,UNIVERSIDAD ARTURO PRAT,NORTE,01. TARAPACA,151911,
1201084,36855,PROYECTOS DE INVESTIGACION,FONDECYT,REGULAR,FONDECYT REGULAR 2020,2020,2020,LA CONSTRUCCION DE LA IDENTIDAD PROFESIONAL DOCENTE EN LA FORMACION INICIAL: UN ESTUDIO MIXTO EN ESTUDIANTES DE PEDAGOGIA,CIENCIAS SOCIALES,EDUCACION GENERAL,EDUCACION,48,PERSONA NATURAL,DAVID CUADRA,HOMBRE,UNIVERSIDAD DE ATACAMA,NORTE,03. ATACAMA,80898,
1201223,36885,PROYECTOS DE INVESTIGACION,FONDECYT,REGULAR,FONDECYT REGULAR 2020,2020,2020,"OBSERVING THE TRANSIENT UNIVERSE: GRAVITATIONAL WAVES, KILONOVAE, AND SUPERNOVAE IN THE 2020S",CIENCIAS NATURALES,ASTRONOMIA,"ASTRON.,COSMOL.Y PAR",48,PERSONA NATURAL,FELIPE OLIVARES,HOMBRE,UNIVERSIDAD DE ATACAMA,NORTE,03. ATACAMA,129016,
1201314,36908,PROYECTOS DE INVESTIGACION,FONDECYT,REGULAR,FONDECYT REGULAR 2020,2020,2020,SIMULTANEOUS REMOVAL OF CONTAMINANTS OF EMERGING CONCERN AND INORGANIC ARSENIC PRESENT IN NATURAL WATERS BY SOLAR ADVANCED OXIDATION PROCESSES: LABORATORY AND PILOT SCALE STUDIES,INGENIERIA Y TECNOLOGIA,CIENCIAS DEL MEDIO AMBIENTE,INGENIERIA 3,48,PERSONA NATURAL,LORENA CORNEJO,MUJER,UNIVERSIDAD DE TARAPACA,NORTE,15. ARICA Y PARINACOTA,181989,
1201490,36962,PROYECTOS DE INVESTIGACION,FONDECYT,REGULAR,FONDECYT REGULAR 2020,2020,2020,UNVEILING THE HIDDEN GALACTIC PLANE: A NEAR-INFRARED VIEW OF THE STELLAR POPULATIONS AND THE STAR CLUSTERS AT LOW-GALACTIC LATITUDES,CIENCIAS NATURALES,ASTRONOMIA,"ASTRON.,COSMOL.Y PAR",48,PERSONA NATURAL,JAVIER ALONSO,HOMBRE,UNIVERSIDAD DE ANTOFAGASTA,NORTE,02. ANTOFAGASTA,177101,
1201517,36971,PROYECTOS DE INVESTIGACION,FONDECYT,REGULAR,FONDECYT REGULAR 2020,2020,2020,MUJERES EN LAS ALTAS JERARQUIAS UNIVERSITARIAS: PERCEPCIONES DE SU TRAYECTORIA Y EXPERIENCIA ACADEMICA A PARTIR DE SUS PROPIAS VOCES,CIENCIAS SOCIALES,OTRAS ESPECIALIDADES DE LA EDUCACION,EDUCACION,48,PERSONA NATURAL,CARMEN ARANEDA,MUJER,UNIVERSIDAD DE TARAPACA,NORTE,15. ARICA Y PARINACOTA,86816,
1201527,36973,PROYECTOS DE INVESTIGACION,FONDECYT,REGULAR,FONDECYT REGULAR 2020,2020,2020,"DIMENSIONES SOCIOECOLOGICAS DE LOS BOFEDALES EN EL NORTE DE CHILE: MANEJO LOCAL, VARIABILIDAD CLIMATICA Y EXTRACTIVISMO",CIENCIAS SOCIALES,OTRAS ESPECIALIDADES DE LA GEOGRAFIA ECONOMICA Y SOCIAL,GEOGRAFIA Y URBANISM,48,PERSONA NATURAL,MANUEL PRIETO,HOMBRE,UNIVERSIDAD CATOLICA DEL NORTE,NORTE,15. ARICA Y PARINACOTA,178172,
1201603,36992,PROYECTOS DE INVESTIGACION,FONDECYT,REGULAR,FONDECYT REGULAR 2020,2020,2020,PAISAJES MINEROS PREHISPANICOS EN EL DESIERTO DE ATACAMA: HACIA UN ESTUDIO DEL USO DE LOS MINERALES DE COBRE Y SU VINCULACION CON LA PRODUCCION DE TECNOLOGIAS RITUALES,CIENCIAS SOCIALES,ARQUEOLOGIA,ANTROP. Y ARQUE,48,PERSONA NATURAL,VALENTINA FIGUEROA,MUJER,UNIVERSIDAD CATOLICA DEL NORTE,NORTE,02. ANTOFAGASTA,166367,
1201687,37021,PROYECTOS DE INVESTIGACION,FONDECYT,REGULAR,FONDECYT REGULAR 2020,2020,2020,"CAMELIDOS EN LAS TIERRAS BAJAS DEL DESIERTO DE ATACAMA: PRODUCCION, DISTRIBUCION Y CONSUMO DE PRODUCTOS PRIMARIOS, SECUNDARIOS E IMAGENES A TRAVES DEL TIEMPO",CIENCIAS SOCIALES,ANTROPOLOGIA,ANTROP. Y ARQUE,48,PERSONA NATURAL,DANIELA VALENZUELA,MUJER,UNIVERSIDAD DE TARAPACA,NORTE,15. ARICA Y PARINACOTA,150092,
1201786,37043,PROYECTOS DE INVESTIGACION,FONDECYT,REGULAR,FONDECYT REGULAR 2020,2020,2020,"RECONSTRUCTING MOBILITY, SETTLEMENT, TECHNOLOGY AND ECOSYSTEM SERVICES-USE IN THE ATACAMA DESERT BY THE END OF THE PLEISTOCENE",CIENCIAS SOCIALES,ARQUEOLOGIA,ANTROP. Y ARQUE,48,PERSONA NATURAL,CALOGERO SANTORO,HOMBRE,UNIVERSIDAD DE TARAPACA,NORTE,15. ARICA Y PARINACOTA,193287,
1201885,37067,PROYECTOS DE INVESTIGACION,FONDECYT,REGULAR,FONDECYT REGULAR 2020,2020,2020,HEAT SHOCK-INDUCED INTRACELLULAR AGGLOMERATIONS IN ARABIDOPSIS THALIANA: IMPLICATIONS FOR PLANT ENDOSOMAL TRAFFICKING AND RESPONSES TO ABIOTIC STRESSES.,CIENCIAS NATURALES,BIOLOGIA MOLECULAR,BIOLOGIA 3,48,PERSONA NATURAL,RICARDO TEJOS,HOMBRE,UNIVERSIDAD ARTURO PRAT,NORTE,01. TARAPACA,251835,
PAI77200065,37101,REC,PAI,SIA,CONVOCATORIA NACIONAL SUBVENCION A LA INSTALACION EN LA ACADEMIA 2020,2020,2020,NUEVOS MATERIALES BASADOS EN BIOPOLIMEROS PARA LA REMEDICION DE RECURSOS HIDRICOS. FORTALECIENDO LINEAS MEDIOAMBIENTALES Y ENERGETICAS DE LA UNIVERSIDAD DE ATACAMA,CIENCIAS NATURALES,CIENCIAS QUIMICAS,NO APLICA,36,persona jurIdica,DIEGO PATRICIO OYARZUN JEREZ,HOMBRE,UNIVERSIDAD DE ATACAMA,NORTE,03. ATACAMA,198000,
PAI77200092,37106,REC,PAI,SIA,CONVOCATORIA NACIONAL SUBVENCION A LA INSTALACION EN LA ACADEMIA 2020,2020,2020,FORTALECIMIENTO DEL AREA DE FISICA DE ALTAS ENERGIAS E IMPULSO DE FUTURO DOCTORADO EN CIENCIAS MENCION FISICA EN LA UNIVERSIDAD DE TARAPACA MEDIANTE LA INSTALACION DE ACADEMICO INVESTIGADOR CON ESPECIALIZACION EN FISICA DE PARTICULAS ELEMENTALES.,CIENCIAS NATURALES,CIENCIAS FISICAS,NO APLICA,36,persona jurIdica,NICOLAS ANDRES NEILL HERRERA,HOMBRE,UNIVERSIDAD DE TARAPACA,NORTE,15. ARICA Y PARINACOTA,196680,
PAI77200097,37107,REC,PAI,SIA,CONVOCATORIA NACIONAL SUBVENCION A LA INSTALACION EN LA ACADEMIA 2020,2020,2020,"FORTALECIMIENTO DEL AREA DE FISICA DE LA FACULTAD DE CIENCIAS DE UNAP: GRAVEDAD, HOLOGRAFIA E
 
 INFORMACION CUANTICA",CIENCIAS NATURALES,CIENCIAS FISICAS,NO APLICA,36,persona jurIdica,IGNACIO JESUS ARAYA QUEZADA,HOMBRE,UNIVERSIDAD ARTURO PRAT,NORTE,01. TARAPACA,186230,
c106f-970003,37126,REC,ASTRONOMIA,Tiempo de Telescopio APEX,PROPUESTAS DE OBSERVACION ASTRONOMICA PARA TIEMPO CHILENO EN EL TELESCOPIO APEX SEMESTRE 2020-B,2020,2020,MAPPING THE [18O/17O] ISOTOPE ABUNDANCE RATIO IN THE GALACTIC CENTER.,CIENCIAS NATURALES,,NO APLICA,6,PERSONA NATURAL,PABLO GARCIA FUENTES,HOMBRE,UNIVERSIDAD CATOLICA DEL NORTE,NORTE,02. ANTOFAGASTA,,NO ENTREGA RECURSOS MONETARIOS
c106f-970012,37133,REC,ASTRONOMIA,Tiempo de Telescopio APEX,PROPUESTAS DE OBSERVACION ASTRONOMICA PARA TIEMPO CHILENO EN EL TELESCOPIO APEX SEMESTRE 2020-B,2020,2020,ROSETTE NEBULA GLOBULETTES,CIENCIAS NATURALES,,NO APLICA,6,PERSONA NATURAL,LAURI HAIKALA,HOMBRE,UNIVERSIDAD DE ATACAMA,NORTE,03. ATACAMA,,NO ENTREGA RECURSOS MONETARIOS
CL_2020B_008,37141,REC,ASTRONOMIA,Tiempo de Telescopio Gemini Sur,"PROPUESTAS DE OBSERVACION ASTRONOMICA PARA TIEMPO CHILENO EN EL TELESCOPIO GEMINI SUR, SEMESTRE 2020-B",2020,2020,GSAOI IMAGING OF ROSETTE GLOBULETTES,CIENCIAS NATURALES,,NO APLICA,6,PERSONA NATURAL,LAURI HIAKALA,HOMBRE,UNIVERSIDAD DE ATACAMA,NORTE,03. ATACAMA,,NO ENTREGA RECURSOS MONETARIOS
CL_2021A_008,37153,REC,ASTRONOMIA,Tiempo de Telescopio Gemini Sur,TIEMPO TELESCOPIO GEMINI SUR 2021 A,2020,2020,PROBING AGN OUTFLOW MORPHOLOGIES AND ENERGETICS AT THE RADIO GALAXY PKS 0521-365,CIENCIAS NATURALES,,NO APLICA,6,PERSONA JURIDICA,GUILHERME COUTO,HOMBRE,UNIVERSIDAD DE ANTOFAGASTA,NORTE,02. ANTOFAGASTA,,NO ENTREGA RECURSOS MONETARIOS
CL_2021A_016,37158,REC,ASTRONOMIA,Tiempo de Telescopio Gemini Sur,TIEMPO TELESCOPIO GEMINI SUR 2021 A,2020,2020,THE BALANCE BETWEEN ACTIVE NUCLEUS AND STAR-FORMING IONIZATION IN THE GALAXY HATLAS J085828,CIENCIAS NATURALES,,NO APLICA,6,PERSONA JURIDICA,GUILHERME COUTO,HOMBRE,UNIVERSIDAD DE ANTOFAGASTA,NORTE,02. ANTOFAGASTA,,NO ENTREGA RECURSOS MONETARIOS
CL_2021A_019,37161,REC,ASTRONOMIA,Tiempo de Telescopio Gemini Sur,TIEMPO TELESCOPIO GEMINI SUR 2021 A,2020,2020,WEIGHING THE HEAVILY OBSCURED GLOBULAR CLUSTER UKS 1 WITH IGRINS,CIENCIAS NATURALES,,NO APLICA,6,PERSONA JURIDICA,JOSE G. FERNANDEZ-TRINCADO,HOMBRE,UNIVERSIDAD DE ATACAMA,NORTE,03. ATACAMA,,NO ENTREGA RECURSOS MONETARIOS
VIU19E0075,37174,INVESTIGACION APLICADA,FONDEF,VIU - Etapa 2,NOVENO CONCURSO VIU - ETAPA 2,2021,2020,MESA TRANSFORMABLE COLABORATIVA PARA FOMENTAR EL APRENDIZAJE KINESTESICO.,CIENCIAS SOCIALES,EDUCACION Y CIENCIAS SOCIALES,NO APLICA,12,PERSONA JURIDICA,JUAN GONZALEZ SEPULVEDA,HOMBRE,UNIVERSIDAD DEL BIO-BIO,NORTE,02. ANTOFAGASTA,24000,
VIU19E0087,37176,INVESTIGACION APLICADA,FONDEF,VIU - Etapa 2,NOVENO CONCURSO VIU - ETAPA 2,2021,2020,INFARTGEN: KIT PARA LA PREDICCION DE INFARTO AGUDO DEL MIOCARDIO A TRAVES DE UNA PLATAFORMA DE BASE GENETICA PERSONALIZADA.,CIENCIAS MEDICAS Y DE LA SALUD,SALUD,NO APLICA,12,PERSONA JURIDICA,PAOLA LAGOS MUÃ‘OZ,MUJER,UNIVERSIDAD DE CONCEPCION,NORTE,03. ATACAMA,24000,
VIU20P0029,37193,INVESTIGACION APLICADA,FONDEF,VIU - Una Etapa,X CONCURSO DE VALORIZACION DE LA INVESTIGACION EN LA UNIVERSIDAD 2020,2021,2020,MB THERMOSYSTEMS: MOLECULAR BRICKS FOR THERMOZYMES EXPRESSION,MULTIDISCIPLINARIO,,NO APLICA,12,PERSONA JURIDICA,MAYRA CAYO TORREJON,MUJER,UNIVERSIDAD DE ANTOFAGASTA,NORTE,02. ANTOFAGASTA,30000,